Customer_ID,Customer_Name,Segment,Age,Country,City,State,Postal_Code,Region,Email
CUST0001,Arjun Sharma,Corporate,33,India,Kolkata,West Bengal,700001,East,arjun.sharma1@example.com
CUST0002,Kiran Singh,Consumer,61,India,Kolkata,West Bengal,700001,East,kiran.singh2@example.com
CUST0003,Pooja Patel,Corporate,20,India,Lucknow,Uttar Pradesh,226001,North,pooja.patel3@example.com
CUST0004,Aarav Patel,Consumer,50,India,Kochi,Kerala,682001,South,aarav.patel4@example.com
CUST0005,Aisha Sharma,Consumer,63,India,Delhi,Delhi,110001,North,aisha.sharma5@example.com
CUST0006,Pooja Yadav,Corporate,55,India,Kochi,Kerala,682001,South,pooja.yadav6@example.com
CUST0007,Vikram Sharma,Consumer,62,India,Bhubaneswar,Odisha,751001,East,vikram.sharma7@example.com
CUST0008,Meera Joshi,Consumer,31,India,Mumbai,Maharashtra,400001,West,meera.joshi8@example.com
CUST0009,Ananya Kumar,Corporate,24,India,Bengaluru,Karnataka,560001,South,ananya.kumar9@example.com
CUST0010,Diya Mehta,Corporate,69,India,Lucknow,Uttar Pradesh,226001,North,diya.mehta10@example.com
CUST0011,Vivaan Jain,Consumer,42,India,Delhi,Delhi,110001,North,vivaan.jain11@example.com
CUST0012,Aditya Naidu,Home Office,57,India,Mumbai,Maharashtra,400001,West,aditya.naidu12@example.com
CUST0013,Diya Mishra,Home Office,22,India,Kochi,Kerala,682001,South,diya.mishra13@example.com
CUST0014,Vivaan Nair,Corporate,23,India,Bhubaneswar,Odisha,751001,East,vivaan.nair14@example.com
CUST0015,Kiran Kumar,Corporate,47,India,Ahmedabad,Gujarat,380001,West,kiran.kumar15@example.com
CUST0016,Diya Gupta,Corporate,31,India,Pune,Maharashtra,411001,West,diya.gupta16@example.com
CUST0017,Vikram Patel,Home Office,28,India,Lucknow,Uttar Pradesh,226001,North,vikram.patel17@example.com
CUST0018,Pooja Nair,Corporate,42,India,Chennai,Tamil Nadu,600001,South,pooja.nair18@example.com
CUST0019,  Vikram Naidu ,Home Office,38,India,Kochi,Kerala,682001,South,vikram.naidu19@example.com
CUST0020,Vivaan Nair,Consumer,69,India,Patna,Bihar,800001,East,vivaan.nair20@example.com
CUST0021,Ananya Das,Consumer,31,India,Mumbai,Maharashtra,400001,West,ananya.das21@example.com
CUST0022,Neha Joshi,Home Office,49,India,Kochi,Kerala,682001,South,neha.joshi22@example.com
CUST0023,Ishita Jain,Corporate,26,India,Chennai,Tamil Nadu,600001,South,ishita.jain23@example.com
CUST0024,Kiran Naidu,Corporate,65,India,Delhi,Delhi,110001,North,kiran.naidu24@example.com
CUST0025,Neha Yadav,Corporate,41,India,Lucknow,Uttar Pradesh,226001,North,neha.yadav25@example.com
CUST0026,Kiran Singh,Corporate,23,India,Delhi,Delhi,110001,North,kiran.singh26@example.com
CUST0027,Vivaan Kumar,Home Office,28,India,Chennai,Tamil Nadu,600001,South,vivaan.kumar27@example.com
CUST0028,Meera Bose,Corporate,42,India,Bengaluru,Karnataka,560001,South,meera.bose28@example.com
CUST0029,Aisha Jain,Corporate,53,India,Delhi,Delhi,110001,North,aisha.jain29@example.com
CUST0030,Aarav Kumar,Home Office,66,India,Chandigarh,Chandigarh,160017,North,aarav.kumar30@example.com
CUST0031,Vikram Joshi,Corporate,45,India,Bengaluru,Karnataka,560001,South,vikram.joshi31@example.com
CUST0032,Rohan Jain,Home Office,64,India,Hyderabad,Telangana,500001,South,rohan.jain32@example.com
CUST0033,Vikram Chowdhury,Consumer,50,India,Bhubaneswar,Odisha,751001,East,vikram.chowdhury33@example.com
CUST0034,Arjun Verma,Home Office,50,India,Patna,Bihar,800001,East,arjun.verma34@example.com
CUST0035,Aisha Rao,Corporate,66,India,Chennai,Tamil Nadu,600001,South,aisha.rao35@example.com
CUST0036,Rohan Naidu,Home Office,18,India,Bhubaneswar,Odisha,751001,East,rohan.naidu36@example.com
CUST0037,Aisha Joshi,Consumer,25,India,Jaipur,Rajasthan,302001,West,aisha.joshi37@example.com
CUST0038,Diya Verma,Consumer,33,India,Kochi,Kerala,682001,South,diya.verma38@example.com
CUST0039,Neha Patel,Home Office,49,India,Bengaluru,Karnataka,560001,South,neha.patel39@example.com
CUST0040,Aditya Naidu,Consumer,26,India,Bhubaneswar,Odisha,751001,East,aditya.naidu40@example.com
CUST0041,Sneha Naidu,Corporate,51,India,Chennai,Tamil Nadu,600001,South,sneha.naidu41@example.com
CUST0042,Aisha Yadav,Home Office,66,India,Kochi,Kerala,682001,South,aisha.yadav42@example.com
CUST0043,Rahul Verma,Home Office,59,India,Ahmedabad,Gujarat,380001,West,rahul.verma43@example.com
CUST0044,Diya Jain,Corporate,25,India,Delhi,Delhi,110001,North,diya.jain44@example.com
CUST0045,Kiran Nair,corporate,19,India,Bengaluru,Karnataka,560001,South,kiran.nair45@example.com
CUST0046,Neha Naidu,Home Office,32,India,Kochi,Kerala,682001,South,neha.naidu46@example.com
CUST0047,Aarav Patel,Home Office,21,India,Kolkata,West Bengal,700001,East,aarav.patel47@example.com
CUST0048,Kiran Patel,Corporate,22,India,Hyderabad,Telangana,500001,South,kiran.patel48@example.com
CUST0049,Kavya Nair,Home Office,49,India,Mumbai,Maharashtra,400001,West,kavya.nair49@example.com
CUST0050,Rahul Naidu,Home Office,54,India,Chennai,Tamil Nadu,600001,South,rahul.naidu50@example.com
CUST0051,Neha Khan,Corporate,69,India,Kochi,Kerala,682001,South,neha.khan51@example.com
CUST0052,Meera Rao,Consumer,60,India,Bengaluru,Karnataka,560001,South,meera.rao52@example.com
CUST0053,Meera Mehta,Corporate,47,India,Ahmedabad,Gujarat,380001,West,meera.mehta53@example.com
CUST0054,Vivaan Kumar,Corporate,64,India,Hyderabad,Telangana,500001,South,vivaan.kumar54@example.com
CUST0055,Ananya Kumar,Consumer,30,India,Kochi,Kerala,682001,South,ananya.kumar55@example.com
CUST0056,Pooja Jain,Corporate,29,India,Chennai,Tamil Nadu,600001,South,pooja.jain56@example.com
CUST0057,Vikram Jain,Consumer,46,India,Kochi,Kerala,682001,South,vikram.jain57@example.com
CUST0058,Pooja Kumar,Home Office,52,India,Hyderabad,Telangana,500001,South,pooja.kumar58@example.com
CUST0059,Aarav Patel,Consumer,28,India,Bhubaneswar,Odisha,751001,East,aarav.patel59@example.com
CUST0060,Meera Khan,Consumer,43,India,Jaipur,Rajasthan,302001,West,meera.khan60@example.com
CUST0061,Vivaan Gupta,Consumer,42,India,Ahmedabad,Gujarat,380001,West,vivaan.gupta61@example.com
CUST0062,Vikram Jain,Corporate,62,India,Mumbai,Maharashtra,400001,West,vikram.jain62@example.com
CUST0063,Pooja Khan,Consumer,36,India,Chennai,Tamil Nadu,600001,South,pooja.khan63@example.com
CUST0064,Rahul Reddy,Home Office,52,India,Lucknow,Uttar Pradesh,226001,North,rahul.reddy64@example.com
CUST0065,Vivaan Joshi,Consumer,55,India,Hyderabad,Telangana,500001,South,vivaan.joshi65@example.com
CUST0066,Sneha Chowdhury,Home Office,28,India,Patna,Bihar,800001,East,sneha.chowdhury66@example.com
CUST0067,Vivaan Chowdhury,Consumer,22,India,Bengaluru,Karnataka,560001,South,vivaan.chowdhury67@example.com
CUST0068,Aisha Patel,Consumer,43,India,Chandigarh,Chandigarh,160017,North,aisha.patel68@example.com
CUST0069,Arjun Mishra,Home Office,56,India,Kochi,Kerala,682001,South,arjun.mishra69@example.com
CUST0070,Vivaan Bose,Corporate,60,India,Bengaluru,Karnataka,560001,South,vivaan.bose70@example.com
CUST0071,Neha Mishra,Corporate,34,India,Delhi,Delhi,110001,North,neha.mishra71@example.com
CUST0072,Rahul Joshi,Corporate,43,India,Kochi,Kerala,682001,South,rahul.joshi72@example.com
CUST0073,Sai Verma,Corporate,66,India,Jaipur,Rajasthan,302001,West,sai.verma73@example.com
CUST0074,Aditya Sharma,Home Office,54,India,Jaipur,Rajasthan,302001,West,aditya.sharma74@example.com
CUST0075,Arjun Patel,Consumer,50,India,Delhi,Delhi,110001,North,arjun.patel75@example.com
CUST0076,Vikram Singh,Consumer,33,India,Pune,Maharashtra,411001,West,vikram.singh76@example.com
CUST0077,Diya Verma,Corporate,52,India,Chennai,Tamil Nadu,600001,South,diya.verma77@example.com
CUST0078,Nikhil Bose,Home Office,51,India,Bhubaneswar,Odisha,751001,East,nikhil.bose78@example.com
CUST0079,Aarav Naidu,Home Office,24,India,Mumbai,Maharashtra,400001,West,aarav.naidu79@example.com
CUST0080,Sai Iyer,Consumer,65,India,Bengaluru,Karnataka,560001,South,sai.iyer80@example.com
CUST0081,Pooja Singh,Corporate,56,India,Mumbai,Maharashtra,400001,West,pooja.singh81@example.com
CUST0082,Rahul Joshi,Home Office,58,India,Kochi,Kerala,682001,South,rahul.joshi82@example.com
CUST0083,Vikram Chowdhury,Corporate,21,India,Jaipur,Rajasthan,302001,West,vikram.chowdhury83@example.com
CUST0084,Aditya Yadav,Corporate,20,India,Patna,Bihar,800001,East,aditya.yadav84@example.com
CUST0085,Aarav Joshi,Consumer,58,India,Bhubaneswar,Odisha,751001,East,aarav.joshi85@example.com
CUST0086,Vikram Gupta,Corporate,53,India,Kolkata,West Bengal,700001,East,vikram.gupta86@example.com
CUST0087,Meera Naidu,Consumer,22,India,Hyderabad,Telangana,500001,South,meera.naidu87@example.com
CUST0088,Sai Naidu,Corporate,55,India,Hyderabad,Telangana,500001,South,sai.naidu88@example.com
CUST0089,Pooja Singh,Consumer,20,India,Ahmedabad,Gujarat,380001,West,pooja.singh89@example.com
CUST0090,Nikhil Mehta,Consumer,40,India,Bhubaneswar,Odisha,751001,East,nikhil.mehta90@example.com
CUST0091,Rahul Nair,Consumer,40,India,Chandigarh,Chandigarh,160017,North,rahul.nair91@example.com
CUST0092,Pooja Yadav,Home Office,27,India,Lucknow,Uttar Pradesh,226001,North,pooja.yadav92@example.com
CUST0093,Kiran Gupta,Consumer,44,India,Bhubaneswar,Odisha,751001,East,kiran.gupta93@example.com
CUST0094,Aarav Gupta,Corporate,68,India,Kolkata,West Bengal,700001,East,aarav.gupta94@example.com
CUST0095,Meera Nair,Consumer,68,India,Mumbai,Maharashtra,400001,West,meera.nair95@example.com
CUST0096,Arjun Das,Consumer,48,India,Patna,Bihar,800001,East,arjun.das96@example.com
CUST0097,Kiran Rao,Corporate,40,India,Patna,Bihar,800001,East,kiran.rao97@example.com
CUST0098,Nikhil Nair,Consumer,60,India,Kochi,Kerala,682001,South,nikhil.nair98@example.com
CUST0099,Rahul Das,Corporate,22,India,Pune,Maharashtra,411001,West,rahul.das99@example.com
CUST0100,Vikram Mehta,Home Office,43,India,Chandigarh,Chandigarh,160017,North,vikram.mehta100@example.com
CUST0101,Pooja Joshi,Consumer,34,India,Hyderabad,Telangana,500001,South,pooja.joshi101@example.com
CUST0102,Rohan Mishra,Consumer,24,India,Mumbai,Maharashtra,400001,West,rohan.mishra102@example.com
CUST0103,Aisha Yadav,Home Office,68,India,Pune,Maharashtra,411001,West,aisha.yadav103@example.com
CUST0104,Ananya Yadav,Home Office,25,India,Lucknow,Uttar Pradesh,226001,North,ananya.yadav104@example.com
CUST0105,Ishita Mishra,Corporate,20,India,Kochi,Kerala,682001,South,ishita.mishra105@example.com
CUST0106,Meera Sharma,Home Office,61,India,Delhi,Delhi,110001,North,meera.sharma106@example.com
CUST0107,Rahul Mehta,Consumer,60,India,Ahmedabad,Gujarat,380001,West,rahul.mehta107@example.com
CUST0108,Ananya Bose,Home Office,25,India,Pune,Maharashtra,411001,West,ananya.bose108@example.com
CUST0109,Nikhil Chowdhury,Home Office,44,India,Mumbai,Maharashtra,400001,West,nikhil.chowdhury109@example.com
CUST0110,Ananya Das,Corporate,53,India,Kolkata,West Bengal,700001,East,ananya.das110@example.com
CUST0111,Sai Rao,Home Office,42,India,Ahmedabad,Gujarat,380001,West,sai.rao111@example.com
CUST0112,Rohan Bose,Corporate,43,India,Lucknow,Uttar Pradesh,226001,North,rohan.bose112@example.com
CUST0113,Pooja Sharma,Corporate,31,India,Mumbai,Maharashtra,400001,West,pooja.sharma113@example.com
CUST0114,Meera Mishra,Home Office,38,India,Lucknow,Uttar Pradesh,226001,North,meera.mishra114@example.com
CUST0115,Priya Jain,Home Office,31,India,Jaipur,Rajasthan,302001,West,priya.jain115@example.com
CUST0116,Kavya Khan,Home Office,28,India,Bhubaneswar,Odisha,751001,East,kavya.khan116@example.com
CUST0117,Aditya Verma,Home Office,58,India,Delhi,Delhi,110001,North,aditya.verma117@example.com
CUST0118,Aisha Joshi,Consumer,61,India,Bengaluru,Karnataka,560001,South,aisha.joshi118@example.com
CUST0119,Nikhil Nair,Consumer,27,India,Bhubaneswar,Odisha,751001,East,nikhil.nair119@example.com
CUST0120,Aarav Reddy,Corporate,57,India,Kochi,Kerala,682001,South,aarav.reddy120@example.com
CUST0121,Aditya Jain,Home Office,54,India,Ahmedabad,Gujarat,380001,West,aditya.jain121@example.com
CUST0122,Rahul Das,Corporate,33,India,Jaipur,Rajasthan,302001,West,rahul.das122@example.com
CUST0123,Sai Sharma,Consumer,67,India,Bhubaneswar,Odisha,751001,East,sai.sharma123@example.com
CUST0124,Meera Nair,Home Office,51,India,Chennai,Tamil Nadu,600001,South,meera.nair124@example.com
CUST0125,Priya Reddy,Consumer,,India,Delhi,Delhi,110001,North,priya.reddy125@example.com
CUST0126,Priya Singh,Corporate,60,India,Bhubaneswar,Odisha,751001,East,priya.singh126@example.com
CUST0127,Kavya Naidu,Corporate,66,India,Lucknow,Uttar Pradesh,226001,North,kavya.naidu127@example.com
CUST0128,Priya Bose,Home Office,50,India,Patna,Bihar,800001,East,priya.bose128@example.com
CUST0129,Meera Naidu,Consumer,65,India,Jaipur,Rajasthan,302001,West,meera.naidu129@example.com
CUST0130,Sneha Jain,Consumer,58,India,Mumbai,Maharashtra,400001,West,sneha.jain130@example.com
CUST0131,Vikram Chowdhury,Home Office,33,India,Jaipur,Rajasthan,302001,West,vikram.chowdhury131@example.com
CUST0132,Vikram Jain,Home Office,36,India,Bengaluru,Karnataka,560001,South,vikram.jain132@example.com
CUST0133,Kiran Iyer,Corporate,52,India,Pune,Maharashtra,411001,West,kiran.iyer133@example.com
CUST0134,Aditya Singh,Consumer,42,India,Chennai,Tamil Nadu,600001,South,aditya.singh134@example.com
CUST0135,Sai Rao,Corporate,44,India,Bengaluru,Karnataka,560001,South,sai.rao135@example.com
CUST0136,Ananya Naidu,Corporate,21,India,Jaipur,Rajasthan,302001,West,ananya.naidu136@example.com
CUST0137,Rahul Yadav,Home Office,62,India,Ahmedabad,Gujarat,380001,West,rahul.yadav137@example.com
CUST0138,Aarav Mishra,Corporate,18,India,Ahmedabad,Gujarat,380001,West,aarav.mishra138@example.com
CUST0139,Diya Verma,Corporate,44,India,Bhubaneswar,Odisha,751001,East,diya.verma139@example.com
CUST0140,Pooja Naidu,Home Office,32,India,Bhubaneswar,Odisha,751001,East,pooja.naidu140@example.com
CUST0141,Sneha Nair,Corporate,49,India,Mumbai,Maharashtra,400001,West,sneha.nair141@example.com
CUST0142,Aarav Das,Home Office,61,India,Pune,Maharashtra,411001,West,aarav.das142@example.com
CUST0143,Ishita Gupta,Corporate,26,India,Patna,Bihar,800001,East,ishita.gupta143@example.com
CUST0144,Aisha Naidu,Corporate,55,India,Hyderabad,Telangana,500001,South,aisha.naidu144@example.com
CUST0145,Neha Sharma,Home Office,45,India,Bengaluru,Karnataka,560001,South,neha.sharma145@example.com
CUST0146,Sai Jain,Consumer,34,India,Chennai,Tamil Nadu,600001,South,sai.jain146@example.com
CUST0147,Ishita Joshi,Corporate,38,India,Kochi,Kerala,682001,South,ishita.joshi147@example.com
CUST0148,Ananya Das,Corporate,34,India,Mumbai,Maharashtra,400001,West,ananya.das148@example.com
CUST0149,Aditya Khan,Home Office,52,India,Hyderabad,Telangana,500001,South,aditya.khan149@example.com
CUST0150,Vivaan Mehta,Home Office,22,India,Kochi,Kerala,682001,South,vivaan.mehta150@example.com
CUST0151,Vivaan Sharma,Consumer,19,India,Kochi,Kerala,682001,South,vivaan.sharma151@example.com
CUST0152,Aisha Singh,Consumer,48,India,Kochi,Kerala,682001,South,aisha.singh152@example.com
CUST0153,Arjun Mishra,Corporate,62,India,Kochi,Kerala,682001,South,arjun.mishra153@example.com
CUST0154,Vikram Mehta,Home Office,56,India,Chennai,Tamil Nadu,600001,South,vikram.mehta154@example.com
CUST0155,Arjun Gupta,Consumer,55,India,Mumbai,Maharashtra,400001,West,arjun.gupta155@example.com
CUST0156,Aarav Verma,Home Office,42,India,Lucknow,Uttar Pradesh,226001,North,aarav.verma156@example.com
CUST0157,Ishita Rao,Home Office,62,India,Bengaluru,Karnataka,560001,South,ishita.rao157@example.com
CUST0158,Kiran Kumar,Corporate,61,India,Kolkata,West Bengal,700001,East,kiran.kumar158@example.com
CUST0159,Aisha Kumar,Home Office,68,India,Bhubaneswar,Odisha,751001,East,aisha.kumar159@example.com
CUST0160,Vivaan Mehta,Corporate,60,India,Delhi,Delhi,110001,North,vivaan.mehta160@example.com
CUST0161,Diya Patel,Home Office,39,India,Delhi,Delhi,110001,North,diya.patel161@example.com
CUST0162,Aarav Yadav,Corporate,24,India,Patna,Bihar,800001,East,aarav.yadav162@example.com
CUST0163,Meera Mehta,Corporate,63,India,Chandigarh,Chandigarh,160017,North,meera.mehta163@example.com
CUST0164,Sai Yadav,Home Office,51,India,Chennai,Tamil Nadu,600001,South,sai.yadav164@example.com
CUST0165,Vikram Bose,Home Office,67,India,Bhubaneswar,Odisha,751001,East,vikram.bose165@example.com
CUST0166,Sneha Jain,Home Office,55,India,Ahmedabad,Gujarat,380001,West,sneha.jain166@example.com
CUST0167,Vikram Joshi,Consumer,23,India,Patna,Bihar,800001,East,vikram.joshi167@example.com
CUST0168,Vikram Jain,Corporate,54,India,Kochi,Kerala,682001,South,vikram.jain168@example.com
CUST0169,Aisha Das,Consumer,49,India,Pune,Maharashtra,411001,West,aisha.das169@example.com
CUST0170,Ananya Gupta,Consumer,40,India,Jaipur,Rajasthan,302001,West,ananya.gupta170@example.com
CUST0171,Vikram Joshi,Home Office,62,India,Mumbai,Maharashtra,400001,West,vikram.joshi171@example.com
CUST0172,Vikram Naidu,Home Office,30,India,Hyderabad,Telangana,500001,South,vikram.naidu172@example.com
CUST0173,Aditya Nair,Corporate,49,India,Kolkata,West Bengal,700001,East,aditya.nair173@example.com
CUST0174,Pooja Nair,Corporate,59,India,Kolkata,West Bengal,700001,East,pooja.nair174@example.com
CUST0175,Sneha Jain,Consumer,23,India,Bhubaneswar,Odisha,751001,East,sneha.jain175@example.com
CUST0176,Nikhil Nair,Home Office,33,India,Ahmedabad,Gujarat,380001,West,nikhil.nair176@example.com
CUST0177,Nikhil Mishra,Corporate,53,India,Pune,Maharashtra,411001,West,nikhil.mishra177@example.com
CUST0178,Kavya Mehta,Home Office,53,India,Ahmedabad,Gujarat,380001,West,kavya.mehta178@example.com
CUST0179,Ananya Mehta,Corporate,35,India,Kolkata,West Bengal,700001,East,ananya.mehta179@example.com
CUST0180,Nikhil Iyer,Consumer,64,India,Kochi,Kerala,682001,South,nikhil.iyer180@example.com
CUST0181,Rahul Joshi,Home Office,52,India,Bengaluru,Karnataka,560001,South,rahul.joshi181@example.com
CUST0182,Rohan Rao,Home Office,48,India,Kochi,Kerala,682001,South,rohan.rao182@example.com
CUST0183,Vikram Mishra,Home Office,56,India,Bhubaneswar,Odisha,751001,East,vikram.mishra183@example.com
CUST0184,Nikhil Kumar,Consumer,36,India,Patna,Bihar,800001,East,nikhil.kumar184@example.com
CUST0185,Kiran Mehta,Corporate,18,India,Chennai,Tamil Nadu,600001,South,kiran.mehta185@example.com
CUST0186,Pooja Singh,Consumer,21,India,Mumbai,Maharashtra,400001,West,pooja.singh186@example.com
CUST0187,Pooja Verma,Consumer,58,India,Kolkata,West Bengal,700001,East,pooja.verma187@example.com
CUST0188,Sneha Kumar,Consumer,54,India,Patna,Bihar,800001,East,sneha.kumar188@example.com
CUST0189,Nikhil Khan,Corporate,39,India,Jaipur,Rajasthan,302001,West,nikhil.khan189@example.com
CUST0190,Rohan Reddy,Corporate,25,India,Mumbai,Maharashtra,400001,West,rohan.reddy190@example.com
CUST0191,Aditya Das,Consumer,54,India,Jaipur,Rajasthan,302001,West,aditya.das191@example.com
CUST0192,Vivaan Singh,Home Office,37,India,Chennai,Tamil Nadu,600001,South,vivaan.singh192@example.com
CUST0193,Aditya Nair,Home Office,66,India,Bengaluru,Karnataka,560001,South,aditya.nair193@example.com
CUST0194,Meera Bose,Home Office,32,India,Lucknow,Uttar Pradesh,226001,North,meera.bose194@example.com
CUST0195,Kavya Das,Corporate,37,India,Jaipur,Rajasthan,302001,West,kavya.das195@example.com
CUST0196,Neha Yadav,Home Office,57,India,Mumbai,Maharashtra,400001,West,neha.yadav196@example.com
CUST0197,Vivaan Bose,Consumer,66,India,Kolkata,West Bengal,700001,East,vivaan.bose197@example.com
CUST0198,Rahul Rao,Home Office,23,India,Mumbai,Maharashtra,400001,West,rahul.rao198@example.com
CUST0199,Rohan Nair,Home Office,22,India,Chennai,Tamil Nadu,600001,South,rohan.nair199@example.com
CUST0200,Rohan Sharma,Corporate,62,India,Ahmedabad,Gujarat,380001,West,rohan.sharma200@example.com
CUST0201,Aisha Khan,Consumer,32,India,Mumbai,Maharashtra,400001,West,aisha.khan201@example.com
CUST0202,Nikhil Verma,Corporate,22,India,Kolkata,West Bengal,700001,East,nikhil.verma202@example.com
CUST0203,Kiran Iyer,Home Office,55,India,Bhubaneswar,Odisha,751001,East,kiran.iyer203@example.com
CUST0204,Rahul Yadav,Home Office,32,India,Bengaluru,Karnataka,560001,South,rahul.yadav204@example.com
CUST0205,Sai Iyer,Consumer,22,India,Patna,Bihar,800001,East,sai.iyer205@example.com
CUST0206,Vivaan Gupta,Corporate,56,India,Bhubaneswar,Odisha,751001,East,vivaan.gupta206@example.com
CUST0207,Neha Verma,Consumer,47,India,Jaipur,Rajasthan,302001,West,neha.verma207@example.com
CUST0208,Nikhil Das,Home Office,52,India,Mumbai,Maharashtra,400001,West,nikhil.das208@example.com
CUST0209,Sneha Jain,Home Office,20,India,Bengaluru,Karnataka,560001,South,sneha.jain209@example.com
CUST0210,Meera Joshi,Corporate,19,India,Lucknow,Uttar Pradesh,226001,North,meera.joshi210@example.com
CUST0211,Aditya Nair,Home Office,55,India,Chandigarh,Chandigarh,160017,North,aditya.nair211@example.com
CUST0212,Aarav Iyer,Consumer,66,India,Lucknow,Uttar Pradesh,226001,North,aarav.iyer212@example.com
CUST0213,Rohan Khan,Home Office,46,India,Delhi,Delhi,110001,North,rohan.khan213@example.com
CUST0214,Vikram Gupta,Corporate,58,India,Lucknow,Uttar Pradesh,226001,North,vikram.gupta214@example.com
CUST0215,Sneha Patel,Corporate,44,India,Jaipur,Rajasthan,302001,West,sneha.patel215@example.com
CUST0216,Ananya Joshi,Consumer,28,India,Chandigarh,Chandigarh,160017,North,ananya.joshi216@example.com
CUST0217,Ananya Yadav,Corporate,36,India,Kolkata,West Bengal,700001,East,ananya.yadav217@example.com
CUST0218,Ishita Naidu,Corporate,23,India,Hyderabad,Telangana,500001,South,ishita.naidu218@example.com
CUST0219,Ananya Iyer,Consumer,67,India,Pune,Maharashtra,411001,West,ananya.iyer219@example.com
CUST0220,Ishita Chowdhury,Consumer,60,India,Patna,Bihar,800001,East,ishita.chowdhury220@example.com
CUST0221,Pooja Jain,Consumer,30,India,Ahmedabad,Gujarat,380001,West,pooja.jain221@example.com
CUST0222,Kavya Mehta,Corporate,58,India,Lucknow,Uttar Pradesh,226001,North,kavya.mehta222@example.com
CUST0223,Priya Reddy,Corporate,53,India,Kochi,Kerala,682001,South,priya.reddy223@example.com
CUST0224,Sai Verma,Home Office,49,India,Jaipur,Rajasthan,302001,West,sai.verma224@example.com
CUST0225,Arjun Sharma,Home Office,69,India,Chandigarh,Chandigarh,160017,North,arjun.sharma225@example.com
CUST0226,Kiran Gupta,Home Office,18,India,Mumbai,Maharashtra,400001,West,kiran.gupta226@example.com
CUST0227,Pooja Yadav,Consumer,25,India,Bengaluru,Karnataka,560001,South,pooja.yadav227@example.com
CUST0228,Priya Kumar,Consumer,49,India,Chandigarh,Chandigarh,160017,North,priya.kumar228@example.com
CUST0229,Nikhil Chowdhury,Corporate,44,India,Kolkata,West Bengal,700001,East,nikhil.chowdhury229@example.com
CUST0230,Sneha Khan,Corporate,53,India,Kochi,Kerala,682001,South,sneha.khan230@example.com
CUST0231,Sai Das,Home Office,50,India,Kochi,Kerala,682001,South,sai.das231@example.com
CUST0232,Sai Patel,Corporate,39,India,Mumbai,Maharashtra,400001,West,sai.patel232@example.com
CUST0233,Kavya Iyer,Consumer,36,India,Patna,Bihar,800001,East,kavya.iyer233@example.com
CUST0234,Nikhil Mishra,Home Office,49,India,Lucknow,Uttar Pradesh,226001,North,nikhil.mishra234@example.com
CUST0235,Sai Jain,Corporate,40,India,Delhi,Delhi,110001,North,sai.jain235@example.com
CUST0236,Ananya Naidu,Home Office,42,India,Bhubaneswar,Odisha,751001,East,ananya.naidu236@example.com
CUST0237,Priya Joshi,Consumer,62,India,Patna,Bihar,800001,East,priya.joshi237@example.com
CUST0238,Kiran Mishra,Consumer,67,India,Ahmedabad,Gujarat,380001,West,kiran.mishra238@example.com
CUST0239,Meera Reddy,Home Office,48,India,Pune,Maharashtra,411001,West,meera.reddy239@example.com
CUST0240,Ishita Das,Home Office,27,India,Chandigarh,Chandigarh,160017,North,ishita.das240@example.com
CUST0241,Sneha Reddy,Home Office,55,India,Chennai,Tamil Nadu,600001,South,sneha.reddy241@example.com
CUST0242,Ananya Kumar,Corporate,24,India,Patna,Bihar,800001,East,ananya.kumar242@example.com
CUST0243,Kavya Jain,Home Office,27,India,Hyderabad,Telangana,500001,South,kavya.jain243@example.com
CUST0244,Meera Singh,Corporate,68,India,Bengaluru,Karnataka,560001,South,meera.singh244@example.com
CUST0245,Vikram Joshi,Home Office,43,India,Lucknow,Uttar Pradesh,226001,North,vikram.joshi245@example.com
CUST0246,Aditya Joshi,Home Office,52,India,Patna,Bihar,800001,East,aditya.joshi246@example.com
CUST0247,Ishita Joshi,Home Office,66,India,Chandigarh,Chandigarh,160017,North,ishita.joshi247@example.com
CUST0248,Sneha Naidu,Home Office,22,India,Hyderabad,Telangana,500001,South,sneha.naidu248@example.com
CUST0249,Kiran Verma,Home Office,23,India,Kochi,Kerala,682001,South,kiran.verma249@example.com
CUST0250,Meera Kumar,Home Office,63,India,Bhubaneswar,Odisha,751001,East,meera.kumar250@example.com
CUST0251,Arjun Jain,Home Office,37,India,Chennai,Tamil Nadu,600001,South,arjun.jain251@example.com
CUST0252,Aarav Reddy,Consumer,36,India,Pune,Maharashtra,411001,West,aarav.reddy252@example.com
CUST0253,Diya Mehta,Consumer,33,India,Ahmedabad,Gujarat,380001,West,diya.mehta253@example.com
CUST0254,Kavya Yadav,Home Office,68,India,Lucknow,Uttar Pradesh,226001,North,kavya.yadav254@example.com
CUST0255,Rohan Gupta,Consumer,57,India,Chennai,Tamil Nadu,600001,South,rohan.gupta255@example.com
CUST0256,Ishita Bose,Consumer,49,India,Chandigarh,Chandigarh,160017,North,ishita.bose256@example.com
CUST0257,Neha Singh,Corporate,58,India,Kochi,Kerala,682001,South,neha.singh257@example.com
CUST0258,Vikram Jain,Home Office,18,India,Mumbai,Maharashtra,400001,West,vikram.jain258@example.com
CUST0259,Priya Verma,Home Office,28,India,Chandigarh,Chandigarh,160017,North,priya.verma259@example.com
CUST0260,Aditya Jain,Home Office,37,India,Pune,Maharashtra,411001,West,aditya.jain260@example.com
CUST0261,Meera Iyer,Corporate,30,India,Jaipur,Rajasthan,302001,West,meera.iyer261@example.com
CUST0262,Ishita Khan,Consumer,42,India,Bengaluru,Karnataka,560001,South,ishita.khan262@example.com
CUST0263,Neha Mehta,Corporate,62,India,Lucknow,Uttar Pradesh,226001,North,neha.mehta263@example.com
CUST0264,Nikhil Sharma,Home Office,43,India,Patna,Bihar,800001,East,nikhil.sharma264@example.com
CUST0265,Vikram Sharma,Home Office,67,India,Lucknow,Uttar Pradesh,226001,North,vikram.sharma265@example.com
CUST0266,Vivaan Bose,Corporate,36,India,Kolkata,West Bengal,700001,East,vivaan.bose266@example.com
CUST0267,Kiran Bose,Corporate,32,India,Bhubaneswar,Odisha,751001,East,kiran.bose267@example.com
CUST0268,Rahul Bose,Home Office,66,India,Mumbai,Maharashtra,400001,West,rahul.bose268@example.com
CUST0269,Sai Kumar,Home Office,20,India,Chandigarh,Chandigarh,160017,North,sai.kumar269@example.com
CUST0270,Nikhil Jain,Home Office,41,India,Hyderabad,Telangana,500001,South,nikhil.jain270@example.com
CUST0271,Sai Patel,Corporate,65,India,Mumbai,Maharashtra,400001,West,sai.patel271@example.com
CUST0272,Meera Gupta,Consumer,68,India,Kochi,Kerala,682001,South,meera.gupta272@example.com
CUST0273,Pooja Mehta,Home Office,35,India,Delhi,Delhi,110001,North,pooja.mehta273@example.com
CUST0274,Rohan Iyer,Corporate,69,India,Patna,Bihar,800001,East,rohan.iyer274@example.com
CUST0275,Nikhil Joshi,Consumer,47,India,Bhubaneswar,Odisha,751001,East,nikhil.joshi275@example.com
CUST0276,Aditya Singh,Consumer,61,India,Bhubaneswar,Odisha,751001,East,aditya.singh276@example.com
CUST0277,Ishita Naidu,Consumer,68,India,Pune,Maharashtra,411001,West,ishita.naidu277@example.com
CUST0278,Ishita Sharma,Home Office,25,India,Mumbai,Maharashtra,400001,West,ishita.sharma278@example.com
CUST0279,Priya Mehta,Home Office,61,India,Chandigarh,Chandigarh,160017,North,priya.mehta279@example.com
CUST0280,Vikram Mishra,Home Office,41,India,Ahmedabad,Gujarat,380001,West,vikram.mishra280@example.com
CUST0281,Arjun Nair,Consumer,57,India,Jaipur,Rajasthan,302001,West,arjun.nair281@example.com
CUST0282,Pooja Joshi,Consumer,59,India,Lucknow,Uttar Pradesh,226001,North,pooja.joshi282@example.com
CUST0283,Aditya Jain,Corporate,59,India,Kolkata,West Bengal,700001,East,aditya.jain283@example.com
CUST0284,Meera Kumar,Consumer,20,India,Chennai,Tamil Nadu,600001,South,meera.kumar284@example.com
CUST0285,Nikhil Khan,Consumer,33,India,Bengaluru,Karnataka,560001,South,nikhil.khan285@example.com
CUST0286,Pooja Singh,Corporate,41,India,Ahmedabad,Gujarat,380001,West,pooja.singh286@example.com
CUST0287,Pooja Yadav,Home Office,64,India,Lucknow,Uttar Pradesh,226001,North,pooja.yadav287@example.com
CUST0288,Sai Yadav,Consumer,49,India,Chandigarh,Chandigarh,160017,North,sai.yadav288@example.com
CUST0289,Aisha Yadav,Consumer,62,India,Mumbai,Maharashtra,400001,West,aisha.yadav289@example.com
CUST0290,Diya Rao,Corporate,33,India,Jaipur,Rajasthan,302001,West,diya.rao290@example.com
CUST0291,Diya Kumar,Corporate,52,India,Chandigarh,Chandigarh,160017,North,diya.kumar291@example.com
CUST0292,Diya Reddy,Corporate,30,India,Ahmedabad,Gujarat,380001,West,diya.reddy292@example.com
CUST0293,Arjun Jain,Home Office,31,India,Bengaluru,Karnataka,560001,South,arjun.jain293@example.com
CUST0294,Aisha Sharma,Corporate,33,India,Hyderabad,Telangana,500001,South,aisha.sharma294@example.com
CUST0295,Sai Mishra,Consumer,66,India,Kochi,Kerala,682001,South,sai.mishra295@example.com
CUST0296,Pooja Rao,Consumer,70,India,Lucknow,Uttar Pradesh,226001,North,pooja.rao296@example.com
CUST0297,Kiran Joshi,Consumer,68,India,Bhubaneswar,Odisha,751001,East,kiran.joshi297@example.com
CUST0298,Aisha Sharma,Consumer,26,India,Mumbai,Maharashtra,400001,West,aisha.sharma298@example.com
CUST0299,Pooja Iyer,Consumer,25,India,Bhubaneswar,Odisha,751001,East,pooja.iyer299@example.com
CUST0300,Aarav Singh,Corporate,68,India,Hyderabad,Telangana,500001,South,aarav.singh300@example.com
CUST0301,Kiran Mishra,Consumer,29,India,Pune,Maharashtra,411001,West,kiran.mishra301@example.com
CUST0302,Vikram Reddy,Home Office,44,India,Chennai,Tamil Nadu,600001,South,vikram.reddy302@example.com
CUST0303,Kavya Kumar,Consumer,48,India,Kolkata,West Bengal,700001,East,kavya.kumar303@example.com
CUST0304,Priya Mehta,Home Office,24,India,Delhi,Delhi,110001,North,priya.mehta304@example.com
CUST0305,Priya Chowdhury,Home Office,20,India,Kochi,Kerala,682001,South,priya.chowdhury305@example.com
CUST0306,Kavya Verma,Home Office,19,India,Jaipur,Rajasthan,302001,West,kavya.verma306@example.com
CUST0307,Vivaan Khan,Corporate,45,India,Patna,Bihar,800001,East,vivaan.khan307@example.com
CUST0308,Arjun Khan,Corporate,22,India,Kolkata,West Bengal,700001,East,arjun.khan308@example.com
CUST0309,Aditya Joshi,Consumer,22,India,Lucknow,Uttar Pradesh,226001,North,aditya.joshi309@example.com
CUST0310,Sai Iyer,Home Office,55,India,Lucknow,Uttar Pradesh,226001,North,sai.iyer310@example.com
CUST0311,Pooja Joshi,Home Office,51,India,Ahmedabad,Gujarat,380001,West,pooja.joshi311@example.com
CUST0312,Nikhil Jain,Home Office,45,India,Delhi,Delhi,110001,North,nikhil.jain312@example.com
CUST0313,Arjun Kumar,Home Office,59,India,Patna,Bihar,800001,East,arjun.kumar313@example.com
CUST0314,Pooja Rao,Corporate,32,India,Ahmedabad,Gujarat,380001,West,pooja.rao314@example.com
CUST0315,Meera Joshi,Corporate,43,India,Patna,Bihar,800001,East,meera.joshi315@example.com
CUST0316,Meera Kumar,Corporate,38,India,Pune,Maharashtra,411001,West,meera.kumar316@example.com
CUST0317,Vikram Mehta,Home Office,48,India,Chennai,Tamil Nadu,600001,South,vikram.mehta317@example.com
CUST0318,Aditya Patel,Consumer,23,India,Patna,Bihar,800001,East,aditya.patel318@example.com
CUST0319,Meera Kumar,Home Office,41,India,Kolkata,West Bengal,700001,East,meera.kumar319@example.com
CUST0320,Sai Naidu,Home Office,53,India,Hyderabad,Telangana,500001,South,sai.naidu320@example.com
CUST0321,Pooja Joshi,Consumer,44,India,Chandigarh,Chandigarh,160017,North,pooja.joshi321@example.com
CUST0322,Diya Yadav,Home Office,21,India,Patna,Bihar,800001,East,diya.yadav322@example.com
CUST0323,Nikhil Bose,Corporate,24,India,Mumbai,Maharashtra,400001,West,nikhil.bose323@example.com
CUST0324,Neha Chowdhury,Consumer,60,India,Kochi,Kerala,682001,South,neha.chowdhury324@example.com
CUST0325,Sneha Nair,Consumer,40,India,Patna,Bihar,800001,East,sneha.nair325@example.com
CUST0326,Pooja Mehta,Corporate,54,India,Bengaluru,Karnataka,560001,South,pooja.mehta326@example.com
CUST0327,Kiran Yadav,Home Office,67,India,Patna,Bihar,800001,East,kiran.yadav327@example.com
CUST0328,Aisha Bose,Home Office,53,India,Chandigarh,Chandigarh,160017,North,aisha.bose328@example.com
CUST0329,Aarav Bose,Home Office,35,India,Chandigarh,Chandigarh,160017,North,aarav.bose329@example.com
CUST0330,Aarav Gupta,Home Office,66,India,Mumbai,Maharashtra,400001,West,aarav.gupta330@example.com
CUST0331,Nikhil Joshi,Consumer,29,India,Pune,Maharashtra,411001,West,nikhil.joshi331@example.com
CUST0332,Sai Mishra,Corporate,22,India,Chandigarh,Chandigarh,160017,North,sai.mishra332@example.com
CUST0333,Sai Sharma,Home Office,51,India,Bengaluru,Karnataka,560001,South,sai.sharma333@example.com
CUST0334,Rahul Das,Corporate,39,India,,Gujarat,380001,West,rahul.das334@example.com
CUST0335,Rohan Mehta,Home Office,38,India,Mumbai,Maharashtra,400001,West,rohan.mehta335@example.com
CUST0336,Neha Bose,Consumer,27,India,Bengaluru,Karnataka,560001,South,neha.bose336@example.com
CUST0337,Rohan Bose,Home Office,23,India,Hyderabad,Telangana,500001,South,rohan.bose337@example.com
CUST0338,Vikram Jain,Corporate,49,India,Chandigarh,Chandigarh,160017,North,vikram.jain338@example.com
CUST0339,Aisha Jain,Corporate,31,India,Ahmedabad,Gujarat,380001,West,aisha.jain339@example.com
CUST0340,Kavya Kumar,Corporate,25,India,Pune,Maharashtra,411001,West,kavya.kumar340@example.com
CUST0341,Nikhil Mishra,Home Office,60,India,Jaipur,Rajasthan,302001,West,nikhil.mishra341@example.com
CUST0342,Nikhil Reddy,Corporate,56,India,Kochi,Kerala,682001,South,nikhil.reddy342@example.com
CUST0343,Vivaan Sharma,Corporate,31,India,Kochi,Kerala,682001,South,vivaan.sharma343@example.com
CUST0344,Sai Iyer,Corporate,25,India,Mumbai,Maharashtra,400001,West,sai.iyer344@example.com
CUST0345,Aarav Khan,Corporate,29,India,Kolkata,West Bengal,700001,East,aarav.khan345@example.com
CUST0346,Sai Das,Home Office,32,India,Delhi,Delhi,110001,North,sai.das346@example.com
CUST0347,Kavya Naidu,Home Office,69,India,Patna,Bihar,800001,East,kavya.naidu347@example.com
CUST0348,Diya Patel,Home Office,20,India,Ahmedabad,Gujarat,380001,West,diya.patel348@example.com
CUST0349,Meera Sharma,Consumer,38,India,Jaipur,Rajasthan,302001,West,meera.sharma349@example.com
CUST0350,Neha Yadav,Corporate,63,India,Lucknow,Uttar Pradesh,226001,North,neha.yadav350@example.com
CUST0351,Meera Verma,Corporate,19,India,Bengaluru,Karnataka,560001,South,meera.verma351@example.com
CUST0352,Ananya Gupta,Home Office,47,India,Bhubaneswar,Odisha,751001,East,ananya.gupta352@example.com
CUST0353,Diya Patel,Consumer,33,India,Ahmedabad,Gujarat,380001,West,diya.patel353@example.com
CUST0354,Meera Mishra,Home Office,23,India,Ahmedabad,Gujarat,380001,West,meera.mishra354@example.com
CUST0355,Ishita Verma,Corporate,32,India,Kolkata,West Bengal,700001,East,ishita.verma355@example.com
CUST0356,Ananya Gupta,Home Office,58,India,Bengaluru,Karnataka,560001,South,ananya.gupta356@example.com
CUST0357,Arjun Chowdhury,Consumer,67,India,Delhi,Delhi,110001,North,arjun.chowdhury357@example.com
CUST0358,Diya Mehta,Home Office,70,India,Kolkata,West Bengal,700001,East,diya.mehta358@example.com
CUST0359,Sai Nair,Consumer,34,India,Bengaluru,Karnataka,560001,South,sai.nair359@example.com
CUST0360,Rahul Gupta,Consumer,66,India,Lucknow,Uttar Pradesh,226001,North,rahul.gupta360@example.com
CUST0361,Aditya Gupta,Home Office,49,India,Bhubaneswar,Odisha,751001,East,aditya.gupta361@example.com
CUST0362,Priya Mishra,Home Office,46,India,Bhubaneswar,Odisha,751001,East,priya.mishra362@example.com
CUST0363,Neha Bose,Home Office,38,India,Pune,Maharashtra,411001,West,neha.bose363@example.com
CUST0364,Sai Jain,Corporate,46,India,Bengaluru,Karnataka,560001,South,sai.jain364@example.com
CUST0365,Nikhil Iyer,Consumer,40,India,Lucknow,Uttar Pradesh,226001,North,nikhil.iyer365@example.com
CUST0366,Kavya Patel,Corporate,46,India,Mumbai,Maharashtra,400001,West,kavya.patel366@example.com
CUST0367,Vivaan Reddy,Corporate,22,India,Pune,Maharashtra,411001,West,vivaan.reddy367@example.com
CUST0368,Aditya Bose,Home Office,42,India,Lucknow,Uttar Pradesh,226001,North,aditya.bose368@example.com
CUST0369,Priya Mishra,Home Office,20,India,Delhi,Delhi,110001,North,priya.mishra369@example.com
CUST0370,Priya Mishra,Consumer,38,India,Chandigarh,Chandigarh,160017,North,priya.mishra370@example.com
CUST0371,Aisha Khan,Consumer,21,India,Delhi,Delhi,110001,North,aisha.khan371@example.com
CUST0372,Priya Kumar,Corporate,63,India,Bhubaneswar,Odisha,751001,East,priya.kumar372@example.com
CUST0373,Aditya Chowdhury,Consumer,20,India,Chandigarh,Chandigarh,160017,North,aditya.chowdhury373@example.com
CUST0374,Kiran Jain,Home Office,51,India,Jaipur,Rajasthan,302001,West,kiran.jain374@example.com
CUST0375,Aisha Gupta,Corporate,36,India,Pune,Maharashtra,411001,West,aisha.gupta375@example.com
CUST0376,Ishita Yadav,Corporate,61,India,Bhubaneswar,Odisha,751001,East,ishita.yadav376@example.com
CUST0377,Aisha Reddy,Home Office,59,India,Bhubaneswar,Odisha,751001,East,aisha.reddy377@example.com
CUST0378,Ananya Patel,Consumer,53,India,Pune,Maharashtra,411001,West,ananya.patel378@example.com
CUST0379,Ishita Verma,Home Office,60,India,Mumbai,Maharashtra,400001,West,ishita.verma379@example.com
CUST0380,Aisha Singh,Consumer,55,India,Pune,Maharashtra,411001,West,aisha.singh380@example.com
CUST0381,Sai Mehta,Home Office,62,India,Mumbai,Maharashtra,400001,West,sai.mehta381@example.com
CUST0382,Ishita Singh,Home Office,23,India,Lucknow,Uttar Pradesh,226001,North,ishita.singh382@example.com
CUST0383,Nikhil Naidu,Home Office,68,India,Ahmedabad,Gujarat,380001,West,nikhil.naidu383@example.com
CUST0384,Ananya Singh,Home Office,65,India,Chandigarh,Chandigarh,160017,North,ananya.singh384@example.com
CUST0385,Kavya Patel,Home Office,45,India,Chandigarh,Chandigarh,160017,North,kavya.patel385@example.com
CUST0386,Kavya Mehta,Corporate,37,India,Hyderabad,Telangana,500001,South,kavya.mehta386@example.com
CUST0387,Rohan Rao,Corporate,30,India,Pune,Maharashtra,411001,West,rohan.rao387@example.com
CUST0388,Kiran Singh,Consumer,36,India,Chennai,Tamil Nadu,600001,South,kiran.singh388@example.com
CUST0389,Arjun Chowdhury,Home Office,65,India,Bhubaneswar,Odisha,751001,East,arjun.chowdhury389@example.com
CUST0390,Kavya Reddy,Corporate,67,India,Chandigarh,Chandigarh,160017,North,kavya.reddy390@example.com
CUST0391,Aisha Singh,corporate,27,India,Lucknow,Uttar Pradesh,226001,North,aisha.singh391@example.com
CUST0392,Rohan Gupta,Home Office,67,India,Patna,Bihar,800001,East,rohan.gupta392@example.com
CUST0393,Aisha Gupta,Corporate,20,India,Kolkata,West Bengal,700001,East,aisha.gupta393@example.com
CUST0394,Meera Mehta,Home Office,33,India,Chandigarh,Chandigarh,160017,North,meera.mehta394@example.com
CUST0395,Priya Bose,Home Office,68,India,Mumbai,Maharashtra,400001,West,priya.bose395@example.com
CUST0396,Priya Nair,Consumer,37,India,Delhi,Delhi,110001,North,priya.nair396@example.com
CUST0397,Sneha Rao,Home Office,54,India,Pune,Maharashtra,411001,West,sneha.rao397@example.com
CUST0398,Priya Jain,Corporate,67,India,Bhubaneswar,Odisha,751001,East,priya.jain398@example.com
CUST0399,Ishita Chowdhury,Corporate,28,India,Delhi,Delhi,110001,North,ishita.chowdhury399@example.com
CUST0400,Rahul Bose,Corporate,21,India,Chennai,Tamil Nadu,600001,South,rahul.bose400@example.com
CUST0401,Sneha Mehta,Consumer,63,India,Delhi,Delhi,110001,North,sneha.mehta401@example.com
CUST0402,Kavya Kumar,Consumer,66,India,Mumbai,Maharashtra,400001,West,kavya.kumar402@example.com
CUST0403,Rohan Iyer,Home Office,27,India,Jaipur,Rajasthan,302001,West,rohan.iyer403@example.com
CUST0404,Meera Patel,Corporate,40,India,Kochi,Kerala,682001,South,meera.patel404@example.com
CUST0405,Aarav Yadav,Corporate,50,India,Hyderabad,Telangana,500001,South,aarav.yadav405@example.com
CUST0406,Diya Nair,Consumer,41,India,Ahmedabad,Gujarat,380001,West,diya.nair406@example.com
CUST0407,Kiran Sharma,Consumer,63,India,Pune,Maharashtra,411001,West,kiran.sharma407@example.com
CUST0408,Ananya Singh,Consumer,36,India,Chennai,Tamil Nadu,600001,South,ananya.singh408@example.com
CUST0409,Sneha Singh,Home Office,48,India,Bhubaneswar,Odisha,751001,East,sneha.singh409@example.com
CUST0410,Priya Bose,Consumer,19,India,Hyderabad,Telangana,500001,South,priya.bose410@example.com
CUST0411,Vikram Rao,Consumer,53,India,Patna,Bihar,800001,East,vikram.rao411@example.com
CUST0412,Aisha Chowdhury,Consumer,67,India,Ahmedabad,Gujarat,380001,West,aisha.chowdhury412@example.com
CUST0413,Nikhil Nair,Consumer,21,India,Mumbai,Maharashtra,400001,West,nikhil.nair413@example.com
CUST0414,Kiran Yadav,Home Office,47,India,Chandigarh,Chandigarh,160017,North,kiran.yadav414@example.com
CUST0415,Aditya Kumar,Corporate,56,India,Patna,Bihar,800001,East,aditya.kumar415@example.com
CUST0416,Pooja Sharma,Home Office,54,India,Chandigarh,Chandigarh,160017,North,pooja.sharma416@example.com
CUST0417,Kiran Singh,Corporate,18,India,Mumbai,Maharashtra,400001,West,kiran.singh417@example.com
CUST0418,Aisha Mehta,Home Office,44,India,Kochi,Kerala,682001,South,aisha.mehta418@example.com
CUST0419,Rohan Patel,Corporate,22,India,Delhi,Delhi,110001,North,rohan.patel419@example.com
CUST0420,Kavya Naidu,Home Office,53,India,Delhi,Delhi,110001,North,kavya.naidu420@example.com
CUST0421,Aarav Das,Corporate,20,India,Patna,Bihar,800001,East,aarav.das421@example.com
CUST0422,Ishita Mehta,Home Office,19,India,Mumbai,Maharashtra,400001,West,ishita.mehta422@example.com
CUST0423,Diya Patel,Consumer,64,India,Pune,Maharashtra,411001,West,diya.patel423@example.com
CUST0424,Arjun Mishra,Corporate,26,India,Kolkata,West Bengal,700001,East,arjun.mishra424@example.com
CUST0425,Vivaan Mehta,Corporate,70,India,Delhi,Delhi,110001,North,vivaan.mehta425@example.com
CUST0426,Rohan Jain,Corporate,58,India,Kolkata,West Bengal,700001,East,rohan.jain426@example.com
CUST0427,Rohan Singh,Home Office,67,India,Bengaluru,Karnataka,560001,South,rohan.singh427@example.com
CUST0428,Priya Reddy,Consumer,20,India,Mumbai,Maharashtra,400001,West,priya.reddy428@example.com
CUST0429,Rahul Reddy,Corporate,50,India,Pune,Maharashtra,411001,West,rahul.reddy429@example.com
CUST0430,Ishita Naidu,Corporate,20,India,Jaipur,Rajasthan,302001,West,ishita.naidu430@example.com
CUST0431,Rahul Verma,Consumer,59,India,Pune,Maharashtra,411001,West,rahul.verma431@example.com
CUST0432,Ananya Iyer,Corporate,45,India,Bengaluru,Karnataka,560001,South,ananya.iyer432@example.com
CUST0433,Ishita Jain,Corporate,29,India,Ahmedabad,Gujarat,380001,West,ishita.jain433@example.com
CUST0434,Sneha Khan,Home Office,35,India,Pune,Maharashtra,411001,West,sneha.khan434@example.com
CUST0435,Aditya Yadav,Corporate,56,India,Bengaluru,Karnataka,560001,South,aditya.yadav435@example.com
CUST0436,Rohan Naidu,Corporate,24,India,Mumbai,Maharashtra,400001,West,rohan.naidu436@example.com
CUST0437,Aditya Joshi,Corporate,37,India,Chandigarh,Chandigarh,160017,North,aditya.joshi437@example.com
CUST0438,Priya Bose,Corporate,28,India,Kolkata,West Bengal,700001,East,priya.bose438@example.com
CUST0439,Priya Mehta,Consumer,64,India,Jaipur,Rajasthan,302001,West,priya.mehta439@example.com
CUST0440,Diya Bose,Corporate,58,India,Ahmedabad,Gujarat,380001,West,diya.bose440@example.com
CUST0441,Vivaan Patel,Home Office,43,India,Chandigarh,Chandigarh,160017,North,vivaan.patel441@example.com
CUST0442,Diya Chowdhury,Home Office,61,India,Bhubaneswar,Odisha,751001,East,diya.chowdhury442@example.com
CUST0443,Rohan Sharma,Home Office,61,India,Chennai,Tamil Nadu,600001,South,rohan.sharma443@example.com
CUST0444,Priya Reddy,Consumer,33,India,Chennai,Tamil Nadu,600001,South,priya.reddy444@example.com
CUST0445,Diya Mehta,Home Office,20,India,Ahmedabad,Gujarat,380001,West,diya.mehta445@example.com
CUST0446,Aisha Singh,Corporate,41,India,Chandigarh,Chandigarh,160017,North,aisha.singh446@example.com
CUST0447,Diya Jain,Consumer,54,India,Bhubaneswar,Odisha,751001,East,diya.jain447@example.com
CUST0448,Sai Chowdhury,Corporate,38,India,Pune,Maharashtra,411001,West,sai.chowdhury448@example.com
CUST0449,Vikram Nair,Consumer,65,India,Bengaluru,Karnataka,560001,South,vikram.nair449@example.com
CUST0450,Rohan Khan,Corporate,53,India,Delhi,Delhi,110001,North,rohan.khan450@example.com
CUST0451,Arjun Iyer,Corporate,63,India,Bhubaneswar,Odisha,751001,East,arjun.iyer451@example.com
CUST0452,Priya Rao,Corporate,62,India,Lucknow,Uttar Pradesh,226001,North,priya.rao452@example.com
CUST0453,Sneha Rao,Consumer,22,India,Bengaluru,Karnataka,560001,South,sneha.rao453@example.com
CUST0454,Priya Gupta,Corporate,23,India,Kolkata,West Bengal,700001,East,priya.gupta454@example.com
CUST0455,Ananya Mehta,Consumer,53,India,Kolkata,West Bengal,700001,East,ananya.mehta455@example.com
CUST0456,Pooja Verma,Consumer,16,India,Mumbai,Maharashtra,400001,West,pooja.verma456@example.com
CUST0457,Rohan Mehta,Consumer,25,India,Delhi,Delhi,110001,North,rohan.mehta457@example.com
CUST0458,Rahul Singh,Corporate,19,India,Kochi,Kerala,682001,South,rahul.singh458@example.com
CUST0459,Diya Naidu,Corporate,47,India,Lucknow,Uttar Pradesh,226001,North,diya.naidu459@example.com
CUST0460,Pooja Singh,Consumer,22,India,Lucknow,Uttar Pradesh,226001,North,pooja.singh460@example.com
CUST0461,Nikhil Das,Home Office,48,India,Kolkata,West Bengal,700001,East,nikhil.das461@example.com
CUST0462,Kavya Yadav,Corporate,70,India,Bhubaneswar,Odisha,751001,East,kavya.yadav462@example.com
CUST0463,Neha Patel,Corporate,59,India,Chennai,Tamil Nadu,600001,South,neha.patel463@example.com
CUST0464,Aditya Jain,Home Office,51,India,Jaipur,Rajasthan,302001,West,aditya.jain464@example.com
CUST0465,Diya Singh,Home Office,58,India,Patna,Bihar,800001,East,diya.singh465@example.com
CUST0466,Neha Gupta,Consumer,45,India,Bhubaneswar,Odisha,751001,East,neha.gupta466@example.com
CUST0467,Kavya Reddy,Consumer,51,India,Patna,Bihar,800001,East,kavya.reddy467@example.com
CUST0468,Sai Verma,Consumer,38,India,Chennai,Tamil Nadu,600001,South,sai.verma468@example.com
CUST0469,Kiran Mehta,Corporate,23,India,Delhi,Delhi,110001,North,kiran.mehta469@example.com
CUST0470,Vikram Rao,Home Office,35,India,Chandigarh,Chandigarh,160017,North,vikram.rao470@example.com
CUST0471,Sai Verma,Home Office,23,India,Lucknow,Uttar Pradesh,226001,North,sai.verma471@example.com
CUST0472,Kavya Gupta,Home Office,27,India,Lucknow,Uttar Pradesh,226001,North,kavya.gupta472@example.com
CUST0473,Rohan Bose,Home Office,39,India,Kolkata,West Bengal,700001,East,rohan.bose473@example.com
CUST0474,Neha Reddy,Consumer,23,India,Patna,Bihar,800001,East,neha.reddy474@example.com
CUST0475,Vivaan Mishra,Home Office,31,India,Mumbai,Maharashtra,400001,West,vivaan.mishra475@example.com
CUST0476,Neha Yadav,Home Office,19,India,Lucknow,Uttar Pradesh,226001,North,neha.yadav476@example.com
CUST0477,Sneha Naidu,Home Office,37,India,Mumbai,Maharashtra,400001,West,sneha.naidu477@example.com
CUST0478,Sneha Nair,Home Office,43,India,Bhubaneswar,Odisha,751001,East,sneha.nair478@example.com
CUST0479,Nikhil Jain,Home Office,21,India,Bengaluru,Karnataka,560001,South,nikhil.jain479@example.com
CUST0480,Rohan Jain,Corporate,47,India,Ahmedabad,Gujarat,380001,West,rohan.jain480@example.com
CUST0481,Rahul Joshi,Consumer,38,India,Lucknow,Uttar Pradesh,226001,North,rahul.joshi481@example.com
CUST0482,Ananya Mehta,Consumer,66,India,Ahmedabad,Gujarat,380001,West,ananya.mehta482@example.com
CUST0483,Diya Chowdhury,Consumer,38,India,Delhi,Delhi,110001,North,diya.chowdhury483@example.com
CUST0484,Kiran Jain,Corporate,46,India,Bengaluru,Karnataka,560001,South,kiran.jain484@example.com
CUST0485,Kiran Singh,Consumer,36,India,Bengaluru,Karnataka,560001,South,kiran.singh485@example.com
CUST0486,Ishita Bose,Consumer,28,India,Ahmedabad,Gujarat,380001,West,ishita.bose486@example.com
CUST0487,Ananya Mishra,Corporate,30,India,Kolkata,West Bengal,700001,East,ananya.mishra487@example.com
CUST0488,Rohan Khan,Corporate,49,India,Delhi,Delhi,110001,North,rohan.khan488@example.com
CUST0489,Nikhil Khan,Consumer,43,India,Hyderabad,Telangana,500001,South,nikhil.khan489@example.com
CUST0490,Kavya Jain,Consumer,55,India,Kochi,Kerala,682001,South,kavya.jain490@example.com
CUST0491,Diya Reddy,Corporate,49,India,Hyderabad,Telangana,500001,South,diya.reddy491@example.com
CUST0492,Aisha Khan,Home Office,18,India,Mumbai,Maharashtra,400001,West,aisha.khan492@example.com
CUST0493,Arjun Yadav,Corporate,64,India,Chennai,Tamil Nadu,600001,South,arjun.yadav493@example.com
CUST0494,Diya Das,Consumer,43,India,Pune,Maharashtra,411001,West,diya.das494@example.com
CUST0495,Vivaan Mishra,Consumer,41,India,Delhi,Delhi,110001,North,vivaan.mishra495@example.com
CUST0496,Pooja Verma,Corporate,50,India,Bengaluru,Karnataka,560001,South,pooja.verma496@example.com
CUST0497,Priya Naidu,Home Office,61,India,Mumbai,Maharashtra,400001,West,priya.naidu497@example.com
CUST0498,Aisha Kumar,Consumer,43,India,Chennai,Tamil Nadu,600001,South,aisha.kumar498@example.com
CUST0499,Diya Joshi,Corporate,66,India,Delhi,Delhi,110001,North,diya.joshi499@example.com
CUST0500,Sai Rao,Home Office,43,India,Lucknow,Uttar Pradesh,226001,North,sai.rao500@example.com
CUST0501,Kavya Reddy,Consumer,26,India,Hyderabad,Telangana,500001,South,kavya.reddy501@example.com
CUST0502,Ananya Khan,Corporate,27,India,Delhi,Delhi,110001,North,ananya.khan502@example.com
CUST0503,Aisha Chowdhury,Corporate,57,India,Chennai,Tamil Nadu,600001,South,aisha.chowdhury503@example.com
CUST0504,Ananya Gupta,Home Office,65,India,Ahmedabad,Gujarat,380001,West,ananya.gupta504@example.com
CUST0505,Nikhil Mishra,Home Office,50,India,Pune,Maharashtra,411001,West,nikhil.mishra505@example.com
CUST0506,Pooja Khan,Home Office,37,India,Kolkata,West Bengal,700001,East,pooja.khan506@example.com
CUST0507,Sneha Sharma,Corporate,61,India,Pune,Maharashtra,411001,West,sneha.sharma507@example.com
CUST0508,Arjun Yadav,Corporate,68,India,Lucknow,Uttar Pradesh,226001,North,arjun.yadav508@example.com
CUST0509,Aarav Bose,Corporate,59,India,Jaipur,Rajasthan,302001,West,aarav.bose509@example.com
CUST0510,Neha Mishra,Home Office,21,India,Kochi,Kerala,682001,South,neha.mishra510@example.com
CUST0511,Neha Khan,Home Office,58,India,Chennai,Tamil Nadu,600001,South,neha.khan511@example.com
CUST0512,Aisha Das,Home Office,33,India,Chennai,Tamil Nadu,600001,South,aisha.das512@example.com
CUST0513,Vivaan Mishra,Consumer,30,India,Kolkata,West Bengal,700001,East,vivaan.mishra513@example.com
CUST0514,Aarav Jain,Corporate,27,India,Pune,Maharashtra,411001,West,aarav.jain514@example.com
CUST0515,Meera Rao,Home Office,67,India,Ahmedabad,Gujarat,380001,West,meera.rao515@example.com
CUST0516,Aisha Khan,Home Office,64,India,Patna,Bihar,800001,East,aisha.khan516@example.com
CUST0517,Vivaan Singh,Consumer,53,India,Delhi,Delhi,110001,North,vivaan.singh517@example.com
CUST0518,Ananya Khan,Corporate,38,India,Delhi,Delhi,110001,North,ananya.khan518@example.com
CUST0519,Rohan Jain,Corporate,52,India,Delhi,Delhi,110001,North,rohan.jain519@example.com
CUST0520,Diya Iyer,Corporate,30,India,Lucknow,Uttar Pradesh,226001,North,diya.iyer520@example.com
CUST0521,Kiran Iyer,Corporate,32,India,Delhi,Delhi,110001,south,kiran.iyer521@example.com
CUST0522,Nikhil Verma,Consumer,62,India,Kolkata,West Bengal,700001,East,nikhil.verma522@example.com
CUST0523,Sneha Joshi,Corporate,53,India,Jaipur,Rajasthan,302001,West,sneha.joshi523@example.com
CUST0524,Vikram Verma,Home Office,61,India,Bengaluru,Karnataka,560001,South,vikram.verma524@example.com
CUST0525,Pooja Das,Corporate,67,India,Ahmedabad,Gujarat,380001,West,pooja.das525@example.com
CUST0526,Sai Verma,Corporate,63,India,Hyderabad,Telangana,500001,South,sai.verma526@example.com
CUST0527,Aditya Mehta,Home Office,34,India,Jaipur,Rajasthan,302001,West,aditya.mehta527@example.com
CUST0528,Sneha Rao,Home Office,35,India,Kochi,Kerala,682001,South,sneha.rao528@example.com
CUST0529,Pooja Iyer,Consumer,57,India,Chennai,Tamil Nadu,600001,South,pooja.iyer529@example.com
CUST0530,Neha Nair,Consumer,60,India,Kochi,Kerala,682001,South,neha.nair530@example.com
CUST0531,Kavya Nair,Consumer,21,India,Chandigarh,Chandigarh,160017,North,kavya.nair531@example.com
CUST0532,Arjun Yadav,Home Office,48,India,Pune,Maharashtra,411001,West,arjun.yadav532@example.com
CUST0533,Arjun Singh,Home Office,28,India,Hyderabad,Telangana,500001,South,arjun.singh533@example.com
CUST0534,Meera Khan,Home Office,30,India,Jaipur,Rajasthan,302001,West,meera.khan534@example.com
CUST0535,Nikhil Joshi,Home Office,21,India,Mumbai,Maharashtra,400001,West,nikhil.joshi535@example.com
CUST0536,Aditya Mishra,Home Office,65,India,Kochi,Kerala,682001,South,aditya.mishra536@example.com
CUST0537,Vivaan Gupta,Consumer,20,India,Ahmedabad,Gujarat,380001,West,vivaan.gupta537@example.com
CUST0538,Ishita Khan,Home Office,36,India,Chennai,Tamil Nadu,600001,South,ishita.khan538@example.com
CUST0539,Vivaan Sharma,Home Office,56,India,Mumbai,Maharashtra,400001,West,vivaan.sharma539@example.com
CUST0540,Arjun Joshi,Corporate,59,India,Mumbai,Maharashtra,400001,West,arjun.joshi540@example.com
CUST0541,Pooja Chowdhury,Consumer,50,India,Jaipur,Rajasthan,302001,West,pooja.chowdhury541@example.com
CUST0542,Priya Iyer,Consumer,39,India,Kochi,Kerala,682001,South,priya.iyer542@example.com
CUST0543,Rohan Jain,Corporate,63,India,Chandigarh,Chandigarh,160017,North,rohan.jain543@example.com
CUST0544,Rohan Sharma,Corporate,68,India,Kolkata,West Bengal,700001,East,rohan.sharma544@example.com
CUST0545,Nikhil Mishra,Consumer,29,India,Chandigarh,Chandigarh,160017,North,nikhil.mishra545@example.com
CUST0546,Aisha Das,Corporate,50,India,Patna,Bihar,800001,East,aisha.das546@example.com
CUST0547,Ananya Patel,Home Office,24,India,Ahmedabad,Gujarat,380001,West,ananya.patel547@example.com
CUST0548,Rohan Singh,Corporate,33,India,Jaipur,Rajasthan,302001,West,rohan.singh548@example.com
CUST0549,Aarav Iyer,Consumer,46,India,Ahmedabad,Gujarat,380001,West,aarav.iyer549@example.com
CUST0550,Vikram Joshi,Home Office,64,India,Mumbai,Maharashtra,400001,West,vikram.joshi550@example.com
CUST0551,Neha Sharma,Home Office,41,India,Mumbai,Maharashtra,400001,West,neha.sharma551@example.com
CUST0552,Kiran Reddy,Consumer,47,India,Chandigarh,Chandigarh,160017,North,kiran.reddy552@example.com
CUST0553,Nikhil Gupta,Home Office,50,India,Ahmedabad,Gujarat,380001,West,nikhil.gupta553@example.com
CUST0554,Nikhil Kumar,Corporate,41,India,Chandigarh,Chandigarh,160017,North,nikhil.kumar554@example.com
CUST0555,Aisha Nair,Consumer,48,India,Kochi,Kerala,682001,South,aisha.nair555@example.com
CUST0556,Sai Jain,Home Office,41,India,Kolkata,West Bengal,700001,East,sai.jain556@example.com
CUST0557,Meera Naidu,Home Office,69,India,Jaipur,Rajasthan,302001,West,meera.naidu557@example.com
CUST0558,Rahul Nair,Home Office,68,India,Chandigarh,Chandigarh,160017,North,rahul.nair558@example.com
CUST0559,Aditya Chowdhury,Home Office,63,India,Jaipur,Rajasthan,302001,West,aditya.chowdhury559@example.com
CUST0560,Diya Patel,Consumer,21,India,Lucknow,Uttar Pradesh,226001,North,diya.patel560@example.com
CUST0561,Pooja Chowdhury,Home Office,52,India,Kochi,Kerala,682001,South,pooja.chowdhury561@example.com
CUST0562,Sai Gupta,Home Office,46,India,Pune,Maharashtra,411001,West,sai.gupta562@example.com
CUST0563,Arjun Rao,Home Office,49,India,Kolkata,West Bengal,700001,East,arjun.rao563@example.com
CUST0564,Aditya Chowdhury,Consumer,47,India,Jaipur,Rajasthan,302001,West,aditya.chowdhury564@example.com
CUST0565,Sai Chowdhury,Corporate,54,India,Ahmedabad,Gujarat,380001,West,sai.chowdhury565@example.com
CUST0566,Vivaan Naidu,Home Office,69,India,Jaipur,Rajasthan,302001,West,vivaan.naidu566@example.com
CUST0567,Nikhil Sharma,Corporate,70,India,Ahmedabad,Gujarat,380001,West,nikhil.sharma567@example.com
CUST0568,Aarav Rao,Consumer,20,India,Lucknow,Uttar Pradesh,226001,North,aarav.rao568@example.com
CUST0569,Meera Mehta,Consumer,52,India,Kolkata,West Bengal,700001,East,meera.mehta569@example.com
CUST0570,Vivaan Patel,Consumer,36,India,Jaipur,Rajasthan,302001,West,vivaan.patel570@example.com
CUST0571,Meera Gupta,Consumer,67,India,Bhubaneswar,Odisha,751001,East,meera.gupta571@example.com
CUST0572,Meera Mehta,Corporate,42,India,Ahmedabad,Gujarat,380001,West,meera.mehta572@example.com
CUST0573,Ishita Patel,Home Office,52,India,Chandigarh,Chandigarh,160017,North,ishita.patel573@example.com
CUST0574,Sai Mehta,Consumer,52,India,Bengaluru,Karnataka,560001,South,sai.mehta574@example.com
CUST0575,Ishita Chowdhury,Home Office,32,India,Chennai,Tamil Nadu,600001,South,ishita.chowdhury575@example.com
CUST0576,Aarav Sharma,Corporate,61,India,Mumbai,Maharashtra,400001,West,aarav.sharma576@example.com
CUST0577,Pooja Yadav,Corporate,70,India,Delhi,Delhi,110001,North,pooja.yadav577@example.com
CUST0578,Kiran Nair,Corporate,27,India,Jaipur,Rajasthan,302001,West,kiran.nair578@example.com
CUST0579,Vikram Rao,Consumer,20,India,Kolkata,West Bengal,700001,East,vikram.rao579@example.com
CUST0580,Meera Bose,Consumer,33,India,Bhubaneswar,Odisha,751001,East,meera.bose580@example.com
CUST0581,Rahul Patel,Home Office,20,India,Bengaluru,Karnataka,560001,South,rahul.patel581@example.com
CUST0582,Priya Bose,Home Office,21,India,Chandigarh,Chandigarh,160017,North,priya.bose582@example.com
CUST0583,Kiran Reddy,Corporate,32,India,Ahmedabad,Gujarat,380001,West,kiran.reddy583@example.com
CUST0584,Pooja Rao,Consumer,26,India,Bhubaneswar,Odisha,751001,East,pooja.rao584@example.com
CUST0585,Kavya Verma,Home Office,54,India,Kochi,Kerala,682001,South,kavya.verma585@example.com
CUST0586,Ananya Mishra,Home Office,70,India,Lucknow,Uttar Pradesh,226001,North,ananya.mishra586@example.com
CUST0587,Ananya Nair,Consumer,60,India,Mumbai,Maharashtra,400001,West,ananya.nair587@example.com
CUST0588,Kavya Nair,Corporate,35,India,Ahmedabad,Gujarat,380001,West,kavya.nair588@example.com
CUST0589,Vivaan Naidu,Home Office,29,India,Lucknow,Uttar Pradesh,226001,North,vivaan.naidu589@example.com
CUST0590,Meera Naidu,Consumer,40,India,Jaipur,Rajasthan,302001,West,meera.naidu590@example.com
CUST0591,Ishita Chowdhury,Home Office,44,India,Pune,Maharashtra,411001,West,ishita.chowdhury591@example.com
CUST0592,Meera Singh,Corporate,29,India,Mumbai,Maharashtra,400001,West,meera.singh592@example.com
CUST0593,Pooja Khan,Consumer,37,India,Kochi,Kerala,682001,South,pooja.khan593@example.com
CUST0594,Sai Jain,Home Office,44,India,Hyderabad,Telangana,500001,South,sai.jain594@example.com
CUST0595,Meera Naidu,Consumer,42,India,Delhi,Delhi,110001,North,meera.naidu595@example.com
CUST0596,Kiran Iyer,Corporate,59,India,Kochi,Kerala,682001,South,kiran.iyer596@example.com
CUST0597,Aditya Jain,Corporate,23,India,Patna,Bihar,800001,East,aditya.jain597@example.com
CUST0598,Pooja Rao,Corporate,42,India,Hyderabad,Telangana,500001,South,pooja.rao598@example.com
CUST0599,Aisha Bose,Consumer,30,India,Hyderabad,Telangana,500001,South,aisha.bose599@example.com
CUST0600,Neha Naidu,Corporate,31,India,Kochi,Kerala,682001,South,neha.naidu600@example.com
CUST0601,Ananya Verma,Consumer,30,India,Hyderabad,Telangana,500001,South,ananya.verma601@example.com
CUST0602,Arjun Khan,Home Office,56,India,Kochi,Kerala,682001,South,arjun.khan602@example.com
CUST0603,Rahul Das,Home Office,38,India,Kochi,Kerala,682001,South,rahul.das603@example.com
CUST0604,Nikhil Das,Home Office,59,India,Jaipur,Rajasthan,302001,West,nikhil.das604@example.com
CUST0605,Diya Verma,Corporate,50,India,Mumbai,Maharashtra,400001,West,diya.verma605@example.com
CUST0606,Sneha Jain,Home Office,48,India,Bengaluru,Karnataka,560001,South,sneha.jain606@example.com
CUST0607,Ananya Rao,Corporate,44,India,Pune,Maharashtra,411001,West,ananya.rao607@example.com
CUST0608,Vivaan Mishra,Consumer,65,India,Patna,Bihar,800001,East,vivaan.mishra608@example.com
CUST0609,Sai Sharma,Home Office,55,India,Mumbai,Maharashtra,400001,West,sai.sharma609@example.com
CUST0610,Neha Yadav,Consumer,30,India,Mumbai,Maharashtra,400001,West,neha.yadav610@example.com
CUST0611,Ananya Nair,Home Office,33,India,Ahmedabad,Gujarat,380001,West,ananya.nair611@example.com
CUST0612,Sneha Naidu,Home Office,39,India,Chandigarh,Chandigarh,160017,North,sneha.naidu612@example.com
CUST0613,Vikram Khan,Home Office,65,India,Kolkata,West Bengal,700001,East,vikram.khan613@example.com
CUST0614,Sneha Jain,Home Office,68,India,Chennai,Tamil Nadu,600001,South,sneha.jain614@example.com
CUST0615,Diya Gupta,Home Office,52,India,Chennai,Tamil Nadu,600001,South,diya.gupta615@example.com
CUST0616,Sneha Gupta,Home Office,21,India,Delhi,Delhi,110001,North,sneha.gupta616@example.com
CUST0617,Kavya Reddy,Consumer,70,India,Patna,Bihar,800001,East,kavya.reddy617@example.com
CUST0618,Vivaan Sharma,Consumer,58,India,Ahmedabad,Gujarat,380001,West,vivaan.sharma618@example.com
CUST0619,Kiran Patel,Consumer,18,India,Kolkata,West Bengal,700001,East,kiran.patel619@example.com
CUST0620,Rahul Chowdhury,Corporate,21,India,Jaipur,Rajasthan,302001,West,rahul.chowdhury620@example.com
CUST0621,Aisha Bose,Home Office,49,India,Jaipur,Rajasthan,302001,West,aisha.bose621@example.com
CUST0622,Aarav Sharma,Home Office,44,India,Delhi,Delhi,110001,North,aarav.sharma622@example.com
CUST0623,Aarav Sharma,Home Office,35,India,Delhi,Delhi,110001,North,aarav.sharma623@example.com
CUST0624,Pooja Verma,Home Office,70,India,Hyderabad,Telangana,500001,South,pooja.verma624@example.com
CUST0625,Meera Gupta,Consumer,51,India,Bengaluru,Karnataka,560001,South,meera.gupta625@example.com
CUST0626,Sai Nair,Home Office,51,India,Kochi,Kerala,682001,South,sai.nair626@example.com
CUST0627,Vikram Mehta,Corporate,23,India,Mumbai,Maharashtra,400001,West,vikram.mehta627@example.com
CUST0628,Diya Das,Home Office,33,India,Jaipur,Rajasthan,302001,West,diya.das628@example.com
CUST0629,Kiran Verma,Consumer,59,India,Chandigarh,Chandigarh,160017,North,kiran.verma629@example.com
CUST0630,Vivaan Patel,Corporate,42,India,Ahmedabad,Gujarat,380001,West,vivaan.patel630@example.com
CUST0631,Pooja Khan,Home Office,18,India,Hyderabad,Telangana,500001,South,pooja.khan631@example.com
CUST0632,Rohan Patel,Corporate,59,India,Jaipur,Rajasthan,302001,West,rohan.patel632@example.com
CUST0633,Ananya Mishra,Consumer,51,India,Patna,Bihar,800001,East,ananya.mishra633@example.com
CUST0634,Vivaan Nair,Home Office,54,India,Kochi,Kerala,682001,South,vivaan.nair634@example.com
CUST0635,Sneha Iyer,Consumer,61,India,Hyderabad,Telangana,500001,South,sneha.iyer635@example.com
CUST0636,Vikram Naidu,Home Office,20,India,Lucknow,Uttar Pradesh,226001,North,vikram.naidu636@example.com
CUST0637,Rohan Joshi,Consumer,55,India,Hyderabad,Telangana,500001,South,rohan.joshi637@example.com
CUST0638,Sai Das,Corporate,28,India,Bengaluru,Karnataka,560001,South,sai.das638@example.com
CUST0639,Neha Nair,Corporate,61,India,Lucknow,Uttar Pradesh,226001,North,neha.nair639@example.com
CUST0640,Pooja Joshi,Home Office,26,India,Ahmedabad,Gujarat,380001,West,pooja.joshi640@example.com
CUST0641,Aditya Chowdhury,Corporate,21,India,Kolkata,West Bengal,700001,East,aditya.chowdhury641@example.com
CUST0642,Arjun Yadav,Consumer,39,India,Kochi,Kerala,682001,South,arjun.yadav642@example.com
CUST0643,Aisha Bose,Corporate,67,India,Lucknow,Uttar Pradesh,226001,North,aisha.bose643@example.com
CUST0644,Ananya Sharma,Corporate,68,India,Chandigarh,Chandigarh,160017,North,ananya.sharma644@example.com
CUST0645,Priya Khan,Corporate,53,India,Kochi,Kerala,682001,South,priya.khan645@example.com
CUST0646,Ishita Yadav,Home Office,55,India,Chennai,Tamil Nadu,600001,South,ishita.yadav646@example.com
CUST0647,Ishita Patel,Home Office,36,India,Bhubaneswar,Odisha,751001,East,ishita.patel647@example.com
CUST0648,Kiran Patel,Corporate,27,India,Bengaluru,Karnataka,560001,South,kiran.patel648@example.com
CUST0649,Ishita Singh,Corporate,38,India,Kolkata,West Bengal,700001,East,ishita.singh649@example.com
CUST0650,Diya Kumar,Consumer,37,India,Bengaluru,Karnataka,560001,South,diya.kumar650@example.com
CUST0651,Priya Mehta,Corporate,24,India,Bhubaneswar,Odisha,751001,East,priya.mehta651@example.com
CUST0652,Sai Patel,Corporate,46,India,Chennai,Tamil Nadu,600001,South,sai.patel652@example.com
CUST0653,Pooja Naidu,Corporate,24,India,Delhi,Delhi,110001,North,pooja.naidu653@example.com
CUST0654,Aarav Patel,Home Office,23,India,Pune,Maharashtra,411001,West,aarav.patel654@example.com
CUST0655,Aisha Bose,Corporate,42,India,Bhubaneswar,Odisha,751001,East,aisha.bose655@example.com
CUST0656,Aarav Verma,Corporate,67,India,Ahmedabad,Gujarat,380001,West,aarav.verma656@example.com
CUST0657,Aditya Naidu,Home Office,51,India,Kochi,Kerala,682001,South,aditya.naidu657@example.com
CUST0658,Rohan Das,Consumer,35,India,Chennai,Tamil Nadu,600001,South,rohan.das658@example.com
CUST0659,Nikhil Iyer,Consumer,22,India,Jaipur,Rajasthan,302001,West,nikhil.iyer659@example.com
CUST0660,Rohan Yadav,Corporate,37,India,Mumbai,Maharashtra,400001,West,rohan.yadav660@example.com
CUST0661,Sneha Patel,Corporate,33,India,Pune,Maharashtra,411001,West,sneha.patel661@example.com
CUST0662,Sneha Bose,Consumer,47,India,Lucknow,Uttar Pradesh,226001,North,sneha.bose662@example.com
CUST0663,Arjun Singh,Consumer,43,India,Mumbai,Maharashtra,400001,West,arjun.singh663@example.com
CUST0664,Ananya Bose,Corporate,46,India,Ahmedabad,Gujarat,380001,West,ananya.bose664@example.com
CUST0665,Ananya Yadav,Home Office,56,India,Patna,Bihar,800001,East,ananya.yadav665@example.com
CUST0666,Sai Verma,Home Office,62,India,Pune,Maharashtra,411001,West,sai.verma666@example.com
CUST0667,Rahul Khan,Consumer,43,India,Pune,Maharashtra,411001,West,rahul.khan667@example.com
CUST0668,Ananya Verma,Home Office,58,India,Kolkata,West Bengal,700001,East,ananya.verma668@example.com
CUST0669,Sneha Mishra,Consumer,38,India,Bhubaneswar,Odisha,751001,East,sneha.mishra669@example.com
CUST0670,Ishita Iyer,Corporate,41,India,Patna,Bihar,800001,East,ishita.iyer670@example.com
CUST0671,Arjun Mishra,Home Office,52,India,Kochi,Kerala,682001,South,arjun.mishra671@example.com
CUST0672,Rohan Naidu,Home Office,47,India,Hyderabad,Telangana,500001,South,rohan.naidu672@example.com
CUST0673,Rahul Jain,Corporate,62,India,Bhubaneswar,Odisha,751001,East,rahul.jain673@example.com
CUST0674,Aditya Yadav,Corporate,26,India,Chandigarh,Chandigarh,160017,North,aditya.yadav674@example.com
CUST0675,Nikhil Nair,Home Office,27,India,Mumbai,Maharashtra,400001,West,nikhil.nair675@example.com
CUST0676,Meera Das,Corporate,56,India,Bengaluru,Karnataka,560001,South,meera.das676@example.com
CUST0677,Sneha Mishra,Home Office,50,India,Ahmedabad,Gujarat,380001,West,sneha.mishra677@example.com
CUST0678,Meera Naidu,Corporate,62,India,Hyderabad,Telangana,500001,South,meera.naidu678@example.com
CUST0679,Pooja Bose,Consumer,24,India,Chandigarh,Chandigarh,160017,North,pooja.bose679@example.com
CUST0680,Kiran Mehta,Home Office,57,India,Chennai,Tamil Nadu,600001,South,kiran.mehta680@example.com
CUST0681,Vivaan Mishra,Home Office,59,India,Chandigarh,Chandigarh,160017,North,vivaan.mishra681@example.com
CUST0682,Ishita Joshi,Corporate,24,India,Bhubaneswar,Odisha,751001,East,ishita.joshi682@example.com
CUST0683,Aarav Kumar,Consumer,50,India,Mumbai,Maharashtra,400001,West,aarav.kumar683@example.com
CUST0684,Kavya Naidu,Home Office,54,India,Lucknow,Uttar Pradesh,226001,North,kavya.naidu684@example.com
CUST0685,Kiran Jain,Corporate,47,India,Pune,Maharashtra,411001,West,kiran.jain685@example.com
CUST0686,Neha Chowdhury,Corporate,19,India,Chennai,Tamil Nadu,600001,South,neha.chowdhury686@example.com
CUST0687,Sneha Kumar,Corporate,23,India,Mumbai,Maharashtra,400001,West,sneha.kumar687@example.com
CUST0688,Arjun Singh,Corporate,39,India,Pune,Maharashtra,411001,West,arjun.singh688@example.com
CUST0689,Priya Rao,Corporate,40,India,Delhi,Delhi,110001,North,priya.rao689@example.com
CUST0690,Sneha Kumar,Home Office,62,India,Jaipur,Rajasthan,302001,West,sneha.kumar690@example.com
CUST0691,Priya Joshi,Corporate,20,India,Bengaluru,Karnataka,560001,South,priya.joshi691@example.com
CUST0692,Arjun Sharma,Corporate,59,India,Patna,Bihar,800001,East,arjun.sharma692@example.com
CUST0693,Arjun Gupta,Consumer,51,India,Kolkata,West Bengal,700001,East,arjun.gupta693@example.com
CUST0694,Rohan Naidu,Corporate,53,India,Chennai,Tamil Nadu,600001,South,rohan.naidu694@example.com
CUST0695,Meera Jain,Corporate,58,India,Kochi,Kerala,682001,South,meera.jain695@example.com
CUST0696,Rohan Gupta,Home Office,45,India,Chandigarh,Chandigarh,160017,North,rohan.gupta696@example.com
CUST0697,Ishita Sharma,Home Office,30,India,Kolkata,West Bengal,700001,East,ishita.sharma697@example.com
CUST0698,Priya Mishra,Corporate,18,India,Ahmedabad,Gujarat,380001,West,priya.mishra698@example.com
CUST0699,Rahul Rao,Home Office,69,India,Mumbai,Maharashtra,400001,West,rahul.rao699@example.com
CUST0700,Aditya Mishra,Home Office,29,India,Bengaluru,Karnataka,560001,South,aditya.mishra700@example.com
CUST0701,Diya Joshi,Corporate,25,India,Kochi,Kerala,682001,South,diya.joshi701@example.com
CUST0702,Vikram Khan,Home Office,38,India,Delhi,Delhi,110001,North,vikram.khan702@example.com
CUST0703,Aisha Das,Corporate,55,India,Lucknow,TELANGANA,226001,North,aisha.das703@example.com
CUST0704,Arjun Mehta,Corporate,57,India,Pune,Maharashtra,411001,West,arjun.mehta704@example.com
CUST0705,Rohan Verma,Home Office,23,India,Lucknow,Uttar Pradesh,226001,North,rohan.verma705@example.com
CUST0706,Sai Joshi,Consumer,37,India,Bengaluru,Karnataka,560001,South,sai.joshi706@example.com
CUST0707,Arjun Gupta,Home Office,27,India,Pune,Maharashtra,411001,West,arjun.gupta707@example.com
CUST0708,Kavya Das,Home Office,26,India,Ahmedabad,Gujarat,380001,West,kavya.das708@example.com
CUST0709,Neha Das,Consumer,49,India,Ahmedabad,Gujarat,380001,West,neha.das709@example.com
CUST0710,Pooja Gupta,Consumer,49,India,Delhi,Delhi,110001,North,pooja.gupta710@example.com
CUST0711,Nikhil Singh,Corporate,46,India,Chennai,Tamil Nadu,600001,South,nikhil.singh711@example.com
CUST0712,Aisha Reddy,Corporate,18,India,Patna,Bihar,800001,East,aisha.reddy712@example.com
CUST0713,Sneha Singh,Corporate,53,India,Kochi,Kerala,682001,South,sneha.singh713@example.com
CUST0714,Kavya Khan,Home Office,49,India,Ahmedabad,Gujarat,380001,West,kavya.khan714@example.com
CUST0715,Meera Jain,Consumer,23,India,Jaipur,Rajasthan,302001,West,meera.jain715@example.com
CUST0716,Neha Sharma,Consumer,36,India,Bhubaneswar,Odisha,751001,East,neha.sharma716@example.com
CUST0717,Vivaan Iyer,Home Office,36,India,Kochi,Kerala,682001,South,vivaan.iyer717@example.com
CUST0718,Rohan Jain,Home Office,67,India,Lucknow,Uttar Pradesh,226001,North,rohan.jain718@example.com
CUST0719,Sneha Naidu,Consumer,54,India,Delhi,Delhi,110001,North,sneha.naidu719@example.com
CUST0720,Arjun Iyer,Home Office,70,India,Bhubaneswar,Odisha,751001,East,arjun.iyer720@example.com
CUST0721,Diya Naidu,Consumer,66,India,Patna,Bihar,800001,East,diya.naidu721@example.com
CUST0722,Priya Naidu,Corporate,24,India,Kochi,Kerala,682001,South,priya.naidu722@example.com
CUST0723,Kiran Verma,Consumer,46,India,Patna,Bihar,800001,East,kiran.verma723@example.com
CUST0724,Vikram Mehta,Consumer,46,India,Patna,Bihar,800001,East,vikram.mehta724@example.com
CUST0725,Arjun Nair,Home Office,55,India,Kochi,Kerala,682001,South,arjun.nair725@example.com
CUST0726,Diya Bose,Corporate,28,India,Chandigarh,Chandigarh,160017,North,diya.bose726@example.com
CUST0727,Aisha Singh,Consumer,70,India,Bhubaneswar,Odisha,751001,East,aisha.singh727@example.com
CUST0728,Rahul Reddy,Corporate,52,India,Lucknow,Uttar Pradesh,226001,North,rahul.reddy728@example.com
CUST0729,Vikram Bose,Consumer,38,India,Delhi,Delhi,110001,North,vikram.bose729@example.com
CUST0730,Nikhil Verma,Corporate,50,India,Lucknow,Uttar Pradesh,226001,North,nikhil.verma730@example.com
CUST0731,Arjun Singh,Corporate,21,India,Bhubaneswar,Odisha,751001,East,arjun.singh731@example.com
CUST0732,Vikram Singh,Consumer,33,India,Kolkata,West Bengal,700001,East,vikram.singh732@example.com
CUST0733,Sai Joshi,Consumer,66,India,Patna,Bihar,800001,East,sai.joshi733@example.com
CUST0734,Ishita Khan,Home Office,58,India,Chennai,Tamil Nadu,600001,South,ishita.khan734@example.com
CUST0735,Vikram Yadav,Corporate,22,India,Ahmedabad,Gujarat,380001,West,vikram.yadav735@example.com
CUST0736,Aditya Das,Home Office,35,India,Delhi,Delhi,110001,North,aditya.das736@example.com
CUST0737,Diya Jain,Corporate,55,India,Jaipur,Rajasthan,302001,West,diya.jain737@example.com
CUST0738,Aarav Patel,Corporate,58,India,Kolkata,West Bengal,700001,East,aarav.patel738@example.com
CUST0739,Diya Patel,Home Office,43,India,Bhubaneswar,Odisha,751001,East,diya.patel739@example.com
CUST0740,Rahul Yadav,Consumer,49,India,Patna,Bihar,800001,East,rahul.yadav740@example.com
CUST0741,Vikram Joshi,Corporate,39,India,Patna,Bihar,800001,East,vikram.joshi741@example.com
CUST0742,Pooja Mishra,Home Office,49,India,Chennai,Tamil Nadu,600001,South,pooja.mishra742@example.com
CUST0743,Ananya Reddy,Consumer,58,India,Hyderabad,Telangana,500001,South,ananya.reddy743@example.com
CUST0744,Priya Sharma,Consumer,46,India,Bengaluru,Karnataka,560001,South,priya.sharma744@example.com
CUST0745,Priya Sharma,Consumer,62,India,Ahmedabad,Gujarat,380001,West,priya.sharma745@example.com
CUST0746,Sai Verma,Corporate,23,India,Chennai,Tamil Nadu,600001,South,sai.verma746@example.com
CUST0747,Diya Iyer,Corporate,60,India,Bengaluru,Karnataka,560001,South,diya.iyer747@example.com
CUST0748,Rohan Reddy,Home Office,37,India,Ahmedabad,Gujarat,380001,West,rohan.reddy748@example.com
CUST0749,Kiran Yadav,Consumer,63,India,Chandigarh,Chandigarh,160017,North,kiran.yadav749@example.com
CUST0750,Arjun Sharma,Corporate,22,India,Kochi,Kerala,682001,South,arjun.sharma750@example.com
CUST0751,Sai Mishra,Home Office,61,India,Kochi,Kerala,682001,South,sai.mishra751@example.com
CUST0752,Priya Sharma,Home Office,39,India,Hyderabad,Telangana,500001,South,priya.sharma752@example.com
CUST0753,Arjun Yadav,Consumer,48,India,Kolkata,West Bengal,700001,East,arjun.yadav753@example.com
CUST0754,Aditya Nair,Consumer,64,India,Ahmedabad,Gujarat,380001,West,aditya.nair754@example.com
CUST0755,Arjun Kumar,Corporate,37,India,Pune,Maharashtra,411001,West,arjun.kumar755@example.com
CUST0756,Sai Das,Consumer,59,India,Bhubaneswar,Odisha,751001,East,sai.das756@example.com
CUST0757,Sai Patel,Home Office,18,India,Delhi,Delhi,110001,North,sai.patel757@example.com
CUST0758,Aisha Gupta,Corporate,64,India,Jaipur,Rajasthan,302001,West,aisha.gupta758@example.com
CUST0759,Rahul Singh,Home Office,61,India,Ahmedabad,Gujarat,380001,West,rahul.singh759@example.com
CUST0760,Priya Rao,Consumer,26,India,Bengaluru,Karnataka,560001,South,priya.rao760@example.com
CUST0761,Arjun Mishra,Corporate,40,India,Kolkata,West Bengal,700001,East,arjun.mishra761@example.com
CUST0762,Meera Joshi,Consumer,33,India,Bhubaneswar,Odisha,751001,East,meera.joshi762@example.com
CUST0763,Vikram Patel,Home Office,56,India,Kochi,Kerala,682001,South,vikram.patel763@example.com
CUST0764,Aisha Bose,Home Office,19,India,Mumbai,Maharashtra,400001,West,aisha.bose764@example.com
CUST0765,Nikhil Rao,Home Office,50,India,Delhi,Delhi,110001,North,nikhil.rao765@example.com
CUST0766,Rahul Das,Home Office,21,India,Mumbai,Maharashtra,400001,West,rahul.das766@example.com
CUST0767,Kiran Khan,Consumer,33,India,Ahmedabad,Gujarat,380001,West,kiran.khan767@example.com
CUST0768,Sneha Bose,Home Office,18,India,Bengaluru,Karnataka,560001,South,sneha.bose768@example.com
CUST0769,Diya Joshi,Corporate,54,India,Chennai,Tamil Nadu,600001,South,diya.joshi769@example.com
CUST0770,Meera Mehta,Home Office,29,India,Delhi,Delhi,110001,North,meera.mehta770@example.com
CUST0771,Sneha Patel,Home Office,22,India,Hyderabad,Telangana,500001,South,sneha.patel771@example.com
CUST0772,Aarav Iyer,Consumer,21,India,Kochi,Kerala,682001,South,aarav.iyer772@example.com
CUST0773,Ishita Chowdhury,Home Office,63,India,Mumbai,Maharashtra,400001,West,ishita.chowdhury773@example.com
CUST0774,Kavya Yadav,Home Office,43,India,Ahmedabad,Gujarat,380001,West,kavya.yadav774@example.com
CUST0775,Aditya Naidu,Home Office,27,India,Delhi,Delhi,110001,North,aditya.naidu775@example.com
CUST0776,Vikram Patel,Consumer,50,India,Mumbai,Maharashtra,400001,West,vikram.patel776@example.com
CUST0777,Rahul Singh,Corporate,43,India,Delhi,Delhi,110001,North,rahul.singh777@example.com
CUST0778,Neha Patel,Home Office,45,India,Mumbai,Maharashtra,400001,West,neha.patel778@example.com
CUST0779,Kiran Reddy,Consumer,45,India,Kochi,Kerala,682001,South,kiran.reddy779@example.com
CUST0780,Arjun Jain,Home Office,21,India,Lucknow,Uttar Pradesh,226001,North,arjun.jain780@example.com
CUST0781,Nikhil Gupta,Consumer,63,India,Bengaluru,Karnataka,560001,South,nikhil.gupta781@example.com
CUST0782,Sai Sharma,Corporate,40,India,Chennai,Tamil Nadu,600001,South,sai.sharma782@example.com
CUST0783,Kavya Chowdhury,Home Office,34,India,Bhubaneswar,Odisha,751001,East,kavya.chowdhury783@example.com
CUST0784,Rohan Mehta,Home Office,67,India,Chennai,Tamil Nadu,600001,South,rohan.mehta784@example.com
CUST0785,Vikram Kumar,Consumer,39,India,Bhubaneswar,Odisha,751001,East,vikram.kumar785@example.com
CUST0786,Meera Iyer,Consumer,34,India,Delhi,Delhi,110001,North,meera.iyer786@example.com
CUST0787,Neha Patel,Corporate,50,India,Jaipur,Rajasthan,302001,West,neha.patel787@example.com
CUST0788,Diya Reddy,Home Office,28,India,Jaipur,Rajasthan,302001,West,diya.reddy788@example.com
CUST0789,Diya Gupta,Consumer,54,India,Mumbai,Maharashtra,400001,West,diya.gupta789@example.com
CUST0790,Arjun Nair,Home Office,18,India,Kolkata,West Bengal,700001,East,arjun.nair790@example.com
CUST0791,Vivaan Sharma,Consumer,48,India,Kochi,Kerala,682001,South,vivaan.sharma791@example.com
CUST0792,Diya Das,Consumer,20,India,Chennai,Tamil Nadu,600001,South,diya.das792@example.com
CUST0793,Pooja Yadav,Corporate,33,India,Kochi,Kerala,682001,South,pooja.yadav793@example.com
CUST0794,Meera Joshi,Consumer,54,India,Mumbai,Maharashtra,400001,West,meera.joshi794@example.com
CUST0795,Diya Kumar,Home Office,21,India,Delhi,Delhi,110001,North,diya.kumar795@example.com
CUST0796,Rohan Nair,Home Office,20,India,Bhubaneswar,Odisha,751001,East,rohan.nair796@example.com
CUST0797,Ishita Patel,Corporate,67,India,Jaipur,Rajasthan,302001,West,ishita.patel797@example.com
CUST0798,Nikhil Joshi,Home Office,47,India,Bengaluru,Karnataka,560001,South,nikhil.joshi798@example.com
CUST0799,Aarav Mehta,Corporate,54,India,Kochi,Kerala,682001,South,aarav.mehta799@example.com
CUST0800,Nikhil Bose,Corporate,41,India,Kochi,Kerala,682001,South,nikhil.bose800@example.com
CUST0801,Neha Khan,Consumer,64,India,Bhubaneswar,Odisha,751001,East,neha.khan801@example.com
CUST0802,Pooja Nair,Consumer,44,India,Chennai,Tamil Nadu,600001,South,pooja.nair802@example.com
CUST0803,Aarav Nair,Corporate,58,India,Delhi,Delhi,110001,North,aarav.nair803@example.com
CUST0804,Aarav Joshi,Home Office,42,India,Hyderabad,Telangana,500001,South,aarav.joshi804@example.com
CUST0805,Nikhil Kumar,Home Office,33,India,Kochi,Kerala,682001,South,nikhil.kumar805@example.com
CUST0806,Meera Khan,Consumer,63,India,Hyderabad,Telangana,500001,South,meera.khan806@example.com
CUST0807,Vikram Patel,Consumer,51,India,Hyderabad,Telangana,500001,South,vikram.patel807@example.com
CUST0808,Meera Mehta,Home Office,23,India,Jaipur,Rajasthan,302001,West,meera.mehta808@example.com
CUST0809,Neha Kumar,Consumer,58,India,Delhi,Delhi,110001,North,
CUST0810,Ishita Patel,Home Office,21,India,Lucknow,Uttar Pradesh,226001,North,ishita.patel810@example.com
CUST0811,Meera Singh,Corporate,34,India,Kochi,Kerala,682001,South,meera.singh811@example.com
CUST0812,Ananya Das,Home Office,38,India,Kolkata,West Bengal,700001,East,ananya.das812@example.com
CUST0813,Ananya Jain,Consumer,22,India,Mumbai,Maharashtra,400001,West,ananya.jain813@example.com
CUST0814,Rahul Singh,Home Office,24,India,Bhubaneswar,Odisha,751001,East,rahul.singh814@example.com
CUST0815,Sai Kumar,Corporate,47,India,Chennai,Tamil Nadu,600001,South,sai.kumar815@example.com
CUST0816,Ananya Yadav,Home Office,40,India,Bengaluru,Karnataka,560001,South,ananya.yadav816@example.com
CUST0817,Rahul Jain,Corporate,34,India,Mumbai,Maharashtra,400001,West,rahul.jain817@example.com
CUST0818,Arjun Patel,Home Office,37,India,Chennai,Tamil Nadu,600001,South,arjun.patel818@example.com
CUST0819,Aisha Reddy,Corporate,27,India,Kochi,Kerala,682001,South,aisha.reddy819@example.com
CUST0820,Aditya Nair,Corporate,50,India,Pune,Maharashtra,411001,West,aditya.nair820@example.com
CUST0821,Vivaan Verma,Consumer,19,India,Mumbai,Maharashtra,400001,West,vivaan.verma821@example.com
CUST0822,Ishita Jain,Home Office,53,India,Delhi,Delhi,110001,North,ishita.jain822@example.com
CUST0823,Kiran Kumar,Consumer,69,India,Jaipur,Rajasthan,302001,West,kiran.kumar823@example.com
CUST0824,Sai Kumar,Consumer,67,India,Hyderabad,Telangana,500001,South,sai.kumar824@example.com
CUST0825,Kiran Singh,Corporate,41,India,Kochi,Kerala,682001,South,kiran.singh825@example.com
CUST0826,Aditya Mishra,Corporate,70,India,Lucknow,Uttar Pradesh,226001,North,aditya.mishra826@example.com
CUST0827,Aditya Sharma,Consumer,59,India,Bengaluru,Karnataka,560001,South,aditya.sharma827@example.com
CUST0828,Priya Singh,Corporate,25,India,Bengaluru,Karnataka,560001,South,priya.singh828@example.com
CUST0829,Vivaan Jain,Consumer,54,India,Hyderabad,Telangana,500001,South,vivaan.jain829@example.com
CUST0830,Meera Das,Consumer,42,India,Jaipur,Rajasthan,302001,West,meera.das830@example.com
CUST0831,Meera Gupta,Consumer,29,India,Pune,Maharashtra,411001,West,meera.gupta831@example.com
CUST0832,Vikram Iyer,Consumer,20,India,Jaipur,Rajasthan,302001,West,vikram.iyer832@example.com
CUST0833,Aisha Bose,Consumer,59,India,Lucknow,Uttar Pradesh,226001,North,aisha.bose833@example.com
CUST0834,Nikhil Khan,Home Office,48,India,Ahmedabad,Gujarat,380001,West,nikhil.khan834@example.com
CUST0835,Vivaan Patel,Corporate,26,India,Mumbai,Maharashtra,400001,West,vivaan.patel835@example.com
CUST0836,Meera Rao,Home Office,33,India,Chandigarh,Chandigarh,160017,North,meera.rao836@example.com
CUST0837,Pooja Sharma,Home Office,40,India,Ahmedabad,Gujarat,380001,West,pooja.sharma837@example.com
CUST0838,Sneha Naidu,Corporate,40,India,Bhubaneswar,Odisha,751001,East,sneha.naidu838@example.com
CUST0839,Neha Chowdhury,Corporate,35,India,Pune,Maharashtra,411001,West,neha.chowdhury839@example.com
CUST0840,Rohan Sharma,Home Office,32,India,Pune,Maharashtra,411001,West,rohan.sharma840@example.com
CUST0841,Aarav Iyer,Corporate,51,India,Hyderabad,Telangana,500001,South,aarav.iyer841@example.com
CUST0842,Diya Mishra,Consumer,24,India,Kochi,Kerala,682001,South,diya.mishra842@example.com
CUST0843,Kiran Nair,Home Office,70,India,Mumbai,Maharashtra,400001,West,kiran.nair843@example.com
CUST0844,Vivaan Nair,Corporate,40,India,Lucknow,Uttar Pradesh,226001,North,vivaan.nair844@example.com
CUST0845,Rohan Gupta,Home Office,38,India,Kochi,Kerala,682001,South,rohan.gupta845@example.com
CUST0846,Diya Mishra,Home Office,62,India,Hyderabad,Telangana,500001,South,diya.mishra846@example.com
CUST0847,Diya Mishra,Consumer,54,India,Lucknow,Uttar Pradesh,226001,North,diya.mishra847@example.com
CUST0848,Rahul Khan,Corporate,29,India,Delhi,Delhi,110001,North,rahul.khan848@example.com
CUST0849,Sneha Reddy,Consumer,32,India,Bengaluru,Karnataka,560001,South,sneha.reddy849@example.com
CUST0850,Aisha Nair,Home Office,48,India,Hyderabad,Telangana,500001,South,aisha.nair850@example.com
CUST0851,Aarav Joshi,Consumer,69,India,Lucknow,Uttar Pradesh,226001,North,aarav.joshi851@example.com
CUST0852,Sai Joshi,Consumer,69,India,Kolkata,West Bengal,700001,East,sai.joshi852@example.com
CUST0853,Ananya Reddy,Consumer,55,India,Hyderabad,Telangana,500001,South,ananya.reddy853@example.com
CUST0854,Sai Kumar,Home Office,41,India,Patna,Bihar,800001,East,sai.kumar854@example.com
CUST0855,Aditya Mehta,Home Office,43,India,Kolkata,West Bengal,700001,East,aditya.mehta855@example.com
CUST0856,Neha Kumar,Corporate,38,India,Pune,Maharashtra,411001,West,neha.kumar856@example.com
CUST0857,Sai Gupta,Corporate,68,India,Kolkata,West Bengal,700001,East,sai.gupta857@example.com
CUST0858,Sneha Joshi,Home Office,53,India,Chennai,Tamil Nadu,600001,South,sneha.joshi858@example.com
CUST0859,Aisha Mehta,Home Office,55,India,Kochi,Kerala,682001,South,aisha.mehta859@example.com
CUST0860,Rohan Das,Home Office,62,India,Mumbai,Maharashtra,400001,West,rohan.das860@example.com
CUST0861,Nikhil Singh,Home Office,18,India,Chennai,Tamil Nadu,600001,South,nikhil.singh861@example.com
CUST0862,Neha Das,Home Office,20,India,Patna,Bihar,800001,East,neha.das862@example.com
CUST0863,Rohan Bose,Home Office,32,India,Pune,Maharashtra,411001,West,rohan.bose863@example.com
CUST0864,Neha Kumar,Consumer,39,India,Jaipur,Rajasthan,302001,West,neha.kumar864@example.com
CUST0865,Aditya Nair,Corporate,28,India,Pune,Maharashtra,411001,West,aditya.nair865@example.com
CUST0866,Aditya Joshi,Consumer,34,India,Jaipur,Rajasthan,302001,West,aditya.joshi866@example.com
CUST0867,Rahul Nair,Consumer,40,India,Kolkata,West Bengal,700001,East,rahul.nair867@example.com
CUST0868,Vikram Kumar,Consumer,21,India,Kolkata,West Bengal,700001,East,vikram.kumar868@example.com
CUST0869,Ishita Jain,Corporate,28,India,Kolkata,West Bengal,700001,East,ishita.jain869@example.com
CUST0870,Meera Khan,Corporate,52,India,Ahmedabad,Gujarat,380001,West,meera.khan870@example.com
CUST0871,Ishita Kumar,Corporate,68,India,Patna,Bihar,800001,East,ishita.kumar871@example.com
CUST0872,Neha Nair,Corporate,22,India,Chennai,Tamil Nadu,600001,South,neha.nair872@example.com
CUST0873,Vivaan Verma,Corporate,34,India,Hyderabad,Telangana,500001,South,vivaan.verma873@example.com
CUST0874,Arjun Patel,Consumer,42,India,Pune,Maharashtra,411001,West,arjun.patel874@example.com
CUST0875,Rohan Patel,Consumer,39,India,Delhi,Delhi,110001,North,rohan.patel875@example.com
CUST0876,Aisha Bose,Home Office,19,India,Jaipur,Rajasthan,302001,West,aisha.bose876@example.com
CUST0877,Meera Gupta,Corporate,28,India,Lucknow,Uttar Pradesh,226001,North,meera.gupta877@example.com
CUST0878,Vivaan Kumar,Consumer,30,India,Pune,Maharashtra,411001,West,vivaan.kumar878@example.com
CUST0879,Meera Naidu,Home Office,52,India,Kolkata,West Bengal,700001,East,meera.naidu879@example.com
CUST0880,Vikram Verma,Consumer,24,India,Mumbai,Maharashtra,400001,West,vikram.verma880@example.com
CUST0881,Vivaan Das,Home Office,49,India,Lucknow,Uttar Pradesh,226001,North,vivaan.das881@example.com
CUST0882,Sai Reddy,Consumer,45,India,Pune,Maharashtra,411001,West,sai.reddy882@example.com
CUST0883,Aditya Verma,Home Office,58,India,Patna,Bihar,800001,East,aditya.verma883@example.com
CUST0884,Aisha Khan,Consumer,19,India,Kochi,Kerala,682001,South,aisha.khan884@example.com
CUST0885,Rahul Gupta,Corporate,23,India,Chandigarh,Chandigarh,160017,North,rahul.gupta885@example.com
CUST0886,Sneha Kumar,Corporate,48,India,Mumbai,Maharashtra,400001,West,sneha.kumar886@example.com
CUST0887,Sneha Iyer,Home Office,52,India,Bengaluru,Karnataka,560001,South,sneha.iyer887@example.com
CUST0888,Ishita Gupta,Corporate,41,India,Pune,Maharashtra,411001,West,ishita.gupta888@example.com
CUST0889,Rohan Jain,Corporate,46,India,Hyderabad,Telangana,500001,South,rohan.jain889@example.com
CUST0890,Priya Iyer,Corporate,54,India,Kochi,Kerala,682001,South,priya.iyer890@example.com
CUST0891,Vivaan Singh,Home Office,60,India,Bhubaneswar,Odisha,751001,East,vivaan.singh891@example.com
CUST0892,Arjun Patel,Corporate,69,India,Chandigarh,Chandigarh,160017,North,arjun.patel892@example.com
CUST0893,Pooja Yadav,Home Office,32,India,Bhubaneswar,Odisha,751001,East,pooja.yadav893@example.com
CUST0894,Pooja Reddy,Corporate,70,India,Patna,Bihar,800001,East,pooja.reddy894@example.com
CUST0895,Kavya Yadav,Home Office,48,India,Delhi,Delhi,110001,North,kavya.yadav895@example.com
CUST0896,Neha Nair,Corporate,23,India,Jaipur,Rajasthan,302001,West,neha.nair896@example.com
CUST0897,Ishita Reddy,Home Office,51,India,Delhi,Delhi,110001,North,ishita.reddy897@example.com
CUST0898,Neha Bose,Consumer,66,India,Chennai,Tamil Nadu,600001,South,neha.bose898@example.com
CUST0899,Priya Gupta,Consumer,69,India,Chennai,Tamil Nadu,600001,South,priya.gupta899@example.com
CUST0900,Rahul Singh,Corporate,23,India,Hyderabad,Telangana,500001,South,rahul.singh900@example.com
CUST0901,Meera Rao,Home Office,27,India,Patna,Bihar,800001,East,meera.rao901@example.com
CUST0902,Aisha Iyer,Home Office,69,India,Pune,Maharashtra,411001,West,aisha.iyer902@example.com
CUST0903,Aditya Patel,Home Office,43,India,Ahmedabad,Gujarat,380001,West,aditya.patel903@example.com
CUST0904,Pooja Joshi,Corporate,51,India,Patna,Bihar,800001,East,pooja.joshi904@example.com
CUST0905,Priya Sharma,Home Office,57,India,Bhubaneswar,Odisha,751001,East,priya.sharma905@example.com
CUST0906,Neha Chowdhury,Corporate,25,India,Bhubaneswar,Odisha,751001,East,neha.chowdhury906@example.com
CUST0907,Meera Singh,Home Office,55,India,Chennai,Tamil Nadu,600001,South,meera.singh907@example.com
CUST0908,Neha Kumar,Home Office,67,India,Bengaluru,Karnataka,560001,South,neha.kumar908@example.com
CUST0909,Arjun Verma,Home Office,40,India,Patna,Bihar,800001,East,arjun.verma909@example.com
CUST0910,Meera Iyer,Home Office,49,India,Ahmedabad,Gujarat,380001,West,meera.iyer910@example.com
CUST0911,Neha Bose,Consumer,29,India,Jaipur,Rajasthan,302001,West,neha.bose911@example.com
CUST0912,Vikram Das,Home Office,56,India,Chennai,Tamil Nadu,600001,South,vikram.das912@example.com
CUST0913,Ishita Reddy,Corporate,62,India,Ahmedabad,Gujarat,380001,West,ishita.reddy913@example.com
CUST0914,Kiran Reddy,Corporate,35,India,Kolkata,West Bengal,700001,East,kiran.reddy914@example.com
CUST0915,Diya Sharma,Corporate,37,India,Pune,Maharashtra,411001,West,diya.sharma915@example.com
CUST0916,Vikram Khan,Home Office,61,India,Patna,Bihar,800001,East,vikram.khan916@example.com
CUST0917,Arjun Nair,Corporate,65,India,Chennai,Tamil Nadu,600001,South,arjun.nair917@example.com
CUST0918,Priya Joshi,Home Office,44,India,Mumbai,Maharashtra,400001,West,priya.joshi918@example.com
CUST0919,Aisha Patel,Corporate,31,India,Kochi,Kerala,682001,South,aisha.patel919@example.com
CUST0920,Meera Khan,Home Office,41,India,Bhubaneswar,Odisha,751001,East,meera.khan920@example.com
CUST0921,Vivaan Chowdhury,Consumer,22,India,Bhubaneswar,Odisha,751001,East,vivaan.chowdhury921@example.com
CUST0922,Nikhil Chowdhury,Consumer,67,India,Ahmedabad,Gujarat,380001,West,nikhil.chowdhury922@example.com
CUST0923,Kavya Mishra,Consumer,30,India,Hyderabad,Telangana,500001,South,kavya.mishra923@example.com
CUST0924,Rahul Reddy,Consumer,47,India,Kochi,Kerala,682001,South,rahul.reddy924@example.com
CUST0925,Vivaan Mehta,Consumer,35,India,Kolkata,West Bengal,700001,East,vivaan.mehta925@example.com
CUST0926,Diya Jain,Corporate,58,India,Delhi,Delhi,110001,North,diya.jain926@example.com
CUST0927,Arjun Sharma,Corporate,49,India,Kochi,Kerala,682001,South,arjun.sharma927@example.com
CUST0928,Aisha Jain,Corporate,55,India,Chennai,Tamil Nadu,600001,South,aisha.jain928@example.com
CUST0929,Pooja Mehta,Consumer,34,India,Pune,Maharashtra,411001,West,pooja.mehta929@example.com
CUST0930,Aditya Verma,Corporate,21,India,Hyderabad,Telangana,500001,South,aditya.verma930@example.com
CUST0931,Rohan Mishra,Consumer,32,India,Bhubaneswar,Odisha,751001,East,rohan.mishra931@example.com
CUST0932,Kiran Rao,Home Office,44,India,Mumbai,Maharashtra,400001,West,kiran.rao932@example.com
CUST0933,Kavya Sharma,Home Office,18,India,Patna,Bihar,800001,East,kavya.sharma933@example.com
CUST0934,Sneha Singh,Consumer,56,India,Chandigarh,Chandigarh,160017,North,sneha.singh934@example.com
CUST0935,Aarav Nair,Home Office,69,India,Mumbai,Maharashtra,400001,West,aarav.nair935@example.com
CUST0936,Nikhil Iyer,Corporate,40,India,Ahmedabad,Gujarat,380001,West,nikhil.iyer936@example.com
CUST0937,Priya Iyer,Corporate,37,India,Kochi,Kerala,682001,South,priya.iyer937@example.com
CUST0938,Kavya Bose,Home Office,24,India,Ahmedabad,Gujarat,380001,West,kavya.bose938@example.com
CUST0939,Aarav Chowdhury,Corporate,53,India,Chandigarh,Chandigarh,160017,North,aarav.chowdhury939@example.com
CUST0940,Aisha Bose,Corporate,61,India,Mumbai,Maharashtra,400001,West,aisha.bose940@example.com
CUST0941,Arjun Khan,Corporate,35,India,Bengaluru,Karnataka,560001,South,arjun.khan941@example.com
CUST0942,Ananya Iyer,Home Office,63,India,Mumbai,Maharashtra,400001,West,ananya.iyer942@example.com
CUST0943,Nikhil Rao,Home Office,66,India,Chennai,Tamil Nadu,600001,South,nikhil.rao943@example.com
CUST0944,Kiran Reddy,Home Office,43,India,Bhubaneswar,Odisha,751001,East,kiran.reddy944@example.com
CUST0945,Ananya Singh,Consumer,59,India,Kolkata,West Bengal,700001,East,ananya.singh945@example.com
CUST0946,Sneha Verma,Corporate,43,India,Mumbai,Maharashtra,400001,West,sneha.verma946@example.com
CUST0947,Ishita Reddy,Home Office,54,India,Lucknow,Uttar Pradesh,226001,North,ishita.reddy947@example.com
CUST0948,Rahul Joshi,Home Office,32,India,Kolkata,West Bengal,700001,East,rahul.joshi948@example.com
CUST0949,Pooja Khan,Corporate,50,India,Chandigarh,Chandigarh,160017,North,pooja.khan949@example.com
CUST0950,Nikhil Gupta,Home Office,53,India,Patna,Bihar,800001,East,nikhil.gupta950@example.com
CUST0951,Rohan Verma,Corporate,26,India,Bengaluru,Karnataka,560001,South,rohan.verma951@example.com
CUST0952,Vikram Naidu,Consumer,61,India,Bhubaneswar,Odisha,751001,East,vikram.naidu952@example.com
CUST0953,Ananya Patel,Corporate,32,India,Kochi,Kerala,682001,South,ananya.patel953@example.com
CUST0954,Nikhil Yadav,Corporate,41,India,Bhubaneswar,Odisha,751001,East,nikhil.yadav954@example.com
CUST0955,Vikram Mishra,Corporate,25,India,Mumbai,Maharashtra,400001,West,vikram.mishra955@example.com
CUST0956,Sneha Reddy,Home Office,55,India,Patna,Bihar,800001,East,sneha.reddy956@example.com
CUST0957,Neha Bose,Corporate,30,India,Bengaluru,Karnataka,560001,South,neha.bose957@example.com
CUST0958,Kavya Kumar,Home Office,42,India,Patna,Bihar,800001,East,kavya.kumar958@example.com
CUST0959,Kavya Verma,Consumer,27,India,Ahmedabad,Gujarat,380001,West,kavya.verma959@example.com
CUST0960,Sai Rao,Corporate,54,India,Pune,Maharashtra,411001,West,sai.rao960@example.com
CUST0961,Priya Singh,Home Office,29,India,Pune,Maharashtra,411001,West,priya.singh961@example.com
CUST0962,Aditya Khan,Home Office,29,India,Pune,Maharashtra,411001,West,aditya.khan962@example.com
CUST0963,Ananya Reddy,Corporate,35,India,Hyderabad,Telangana,500001,South,ananya.reddy963@example.com
CUST0964,Rahul Gupta,Consumer,49,India,Lucknow,Uttar Pradesh,226001,North,rahul.gupta964@example.com
CUST0965,Aditya Singh,Corporate,58,India,Lucknow,Uttar Pradesh,226001,North,aditya.singh965@example.com
CUST0966,Meera Das,Corporate,42,India,Ahmedabad,Gujarat,380001,West,meera.das966@example.com
CUST0967,Aarav Reddy,Consumer,64,India,Delhi,Delhi,110001,North,aarav.reddy967@example.com
CUST0968,Diya Sharma,Home Office,30,India,Pune,Maharashtra,411001,West,diya.sharma968@example.com
CUST0969,Aarav Sharma,Home Office,33,India,Chandigarh,Chandigarh,160017,North,aarav.sharma969@example.com
CUST0970,Kiran Mehta,Consumer,24,India,Mumbai,Maharashtra,400001,West,kiran.mehta970@example.com
CUST0971,Ishita Chowdhury,Corporate,28,India,Lucknow,Uttar Pradesh,226001,North,ishita.chowdhury971@example.com
CUST0972,Aditya Reddy,Corporate,47,India,Mumbai,Maharashtra,400001,West,aditya.reddy972@example.com
CUST0973,Kavya Bose,Corporate,45,India,Delhi,Delhi,110001,North,kavya.bose973@example.com
CUST0974,Sai Joshi,Corporate,66,India,Jaipur,Rajasthan,302001,West,sai.joshi974@example.com
CUST0975,Rahul Gupta,Corporate,19,India,Bhubaneswar,Odisha,751001,East,rahul.gupta975@example.com
CUST0976,Kiran Nair,Consumer,31,India,Kolkata,West Bengal,700001,East,kiran.nair976@example.com
CUST0977,Aarav Mishra,Consumer,25,India,Delhi,Delhi,110001,North,aarav.mishra977@example.com
CUST0978,Diya Reddy,Home Office,34,India,Ahmedabad,Gujarat,380001,West,diya.reddy978@example.com
CUST0979,Pooja Bose,Home Office,21,India,Hyderabad,Telangana,500001,South,pooja.bose979@example.com
CUST0980,Arjun Sharma,Home Office,25,India,Hyderabad,Telangana,500001,South,arjun.sharma980@example.com
CUST0981,Meera Jain,Consumer,53,India,Ahmedabad,Gujarat,380001,West,meera.jain981@example.com
CUST0982,Vikram Khan,Consumer,31,India,Kolkata,West Bengal,700001,East,vikram.khan982@example.com
CUST0983,Aarav Verma,Home Office,24,India,Ahmedabad,Gujarat,380001,West,aarav.verma983@example.com
CUST0984,Kavya Iyer,Home Office,62,India,Lucknow,Uttar Pradesh,226001,North,kavya.iyer984@example.com
CUST0985,Sai Yadav,Consumer,50,India,Patna,Bihar,800001,East,sai.yadav985@example.com
CUST0986,Aisha Kumar,Consumer,68,India,Mumbai,Maharashtra,400001,West,aisha.kumar986@example.com
CUST0987,Arjun Khan,Home Office,30,India,Kochi,Kerala,682001,South,arjun.khan987@example.com
CUST0988,Vikram Chowdhury,Corporate,63,India,Kochi,Kerala,682001,South,vikram.chowdhury988@example.com
CUST0989,Meera Verma,Consumer,53,India,Chennai,Tamil Nadu,600001,South,meera.verma989@example.com
CUST0990,Sneha Rao,Corporate,39,India,Kolkata,West Bengal,700001,East,sneha.rao990@example.com
CUST0991,Kiran Sharma,Home Office,23,India,Hyderabad,Telangana,500001,South,kiran.sharma991@example.com
CUST0992,Arjun Mishra,Corporate,27,India,Chandigarh,Chandigarh,160017,North,arjun.mishra992@example.com
CUST0993,Aditya Chowdhury,Home Office,64,India,Bengaluru,Karnataka,560001,South,aditya.chowdhury993@example.com
CUST0994,Arjun Iyer,Consumer,47,India,Chandigarh,Chandigarh,160017,North,arjun.iyer994@example.com
CUST0995,Nikhil Iyer,Consumer,24,India,Jaipur,Rajasthan,302001,West,nikhil.iyer995@example.com
CUST0996,Rohan Reddy,Corporate,41,India,Patna,Bihar,800001,East,rohan.reddy996@example.com
CUST0997,Ananya Yadav,Consumer,24,India,Kolkata,West Bengal,700001,East,ananya.yadav997@example.com
CUST0998,Vivaan Sharma,Consumer,60,India,Patna,Bihar,800001,East,vivaan.sharma998@example.com
CUST0999,Rohan Joshi,Corporate,57,India,Pune,Maharashtra,411001,West,rohan.joshi999@example.com
CUST1000,Vikram Patel,Corporate,29,India,Pune,Maharashtra,411001,West,vikram.patel1000@example.com
CUST0779,Kiran Reddy,Consumer,45,India,Kochi,Kerala,682001,South,kiran.reddy779@example.com
CUST0335,Rohan Mehta,Home Office,38,India,Mumbai,Maharashtra,400001,West,rohan.mehta335@example.com
CUST0272,Meera Gupta,Consumer,68,India,Kochi,Kerala,682001,South,meera.gupta272@example.com
CUST0803,Aarav Nair,Corporate,58,India,Delhi,Delhi,110001,North,aarav.nair803@example.com
CUST0217,Ananya Yadav,Corporate,36,India,Kolkata,West Bengal,700001,East,ananya.yadav217@example.com
CUST0409,Sneha Singh,Home Office,48,India,Bhubaneswar,Odisha,751001,East,sneha.singh409@example.com
CUST0813,Ananya Jain,Consumer,22,India,Mumbai,Maharashtra,400001,West,ananya.jain813@example.com
CUST0095,Meera Nair,Consumer,68,India,Mumbai,Maharashtra,400001,West,meera.nair95@example.com
CUST0488,Rohan Khan,Corporate,49,India,Delhi,Delhi,110001,North,rohan.khan488@example.com
CUST0171,Vikram Joshi,Home Office,62,India,Mumbai,Maharashtra,400001,West,vikram.joshi171@example.com
CUST0025,Neha Yadav,Corporate,41,India,Lucknow,Uttar Pradesh,226001,North,neha.yadav25@example.com
CUST0243,Kavya Jain,Home Office,27,India,Hyderabad,Telangana,500001,South,kavya.jain243@example.com
