Return_ID,Order_ID,Order_Line,Return_Date,Return_Reason,Refund_Amount,Return_Status
RET0001,ORD001823,3645,14-04-2024,Quality Issue,2491.71,Pending
RET0002,ORD000915,1829,06-05-2022,Wrong Item,2911.33,Pending
RET0003,ORD003331,6662,12-10-2023,Quality Issue,10767.85,Pending
RET0004,ORD004609,9217,03-11-2024,Late Delivery,137.4,Approved
RET0005,ORD002956,5912,11-05-2023,Quality Issue,8193.45,Pending
RET0006,ORD003699,7398,14-10-2024,Wrong Item,1266.38,Approved
RET0007,ORD003202,6404,02-06-2024,Changed Mind,17949.8,Pending
RET0008,ORD000006,12,28-04-2023,Late Delivery,18811.06,Approved
RET0009,ORD002392,4783,04-09-2024,Changed Mind,2584.71,Approved
RET0010,ORD000664,1328,13-02-2023,Damaged,731.68,Approved
RET0011,ORD000327,654,01-05-2024,Damaged,14737.05,Completed
RET0012,ORD004275,8550,24-02-2024,Damaged,8852.96,Pending
RET0013,ORD000618,1235,25-05-2025,Changed Mind,5564.61,Approved
RET0014,ORD004423,8845,18-01-2025,Late Delivery,9533.82,Pending
RET0015,ORD004763,9526,30-08-2025,Damaged,723.52,Pending
RET0016,ORD001892,3784,30-04-2024,Changed Mind,8389.01,Pending
RET0017,ORD003122,6243,04-08-2025,Changed Mind,12182.84,Approved
RET0018,ORD004702,9403,16-04-2024,Quality Issue,542.94,Completed
RET0019,ORD003570,7140,20-10-2024,Damaged,2334.94,Pending
RET0020,ORD000561,1121,21-10-2025,Wrong Item,4089.41,Approved
RET0021,ORD002323,4646,22-12-2024,Defective,1486.54,Pending
RET0022,ORD003904,7807,06-01-2023,Defective,5774.51,Pending
RET0023,ORD001578,3155,07-09-2025,Changed Mind,11804.68,Approved
RET0024,ORD004666,9331,31-07-2023,Late Delivery,8993.71,Completed
RET0025,ORD002573,5145,02-01-2024,Late Delivery,14996.2,Completed
RET0026,ORD003400,6800,10-06-2025,Quality Issue,2304.7,Approved
RET0027,ORD003989,7977,02-08-2024,Quality Issue,2045.6,Pending
RET0028,ORD001865,3730,27-02-2023,Defective,9621.19,Completed
RET0029,ORD002068,4136,31-08-2024,Wrong Item,6426.77,Pending
RET0030,ORD002274,4547,15-05-2023,Late Delivery,4679.61,Pending
RET0031,ORD001314,2628,18-08-2024,Quality Issue,4069.53,Approved
RET0032,ORD003008,6015,05-03-2024,Damaged,4720.44,Completed
RET0033,ORD001960,3920,21-10-2025,Quality Issue,4692.23,Pending
RET0034,ORD004018,8035,26-11-2023,Defective,10008.38,Approved
RET0035,ORD002464,4927,26-04-2025,Damaged,1803.87,Approved
RET0036,ORD003136,6272,11-10-2024,Late Delivery,564.82,Approved
RET0037,ORD004993,9985,04-06-2025,Quality Issue,796.98,Approved
RET0038,ORD000094,187,25-10-2025,Defective,9616.25,Approved
RET0039,ORD004713,9426,09-09-2025,Defective,2136.98,Approved
RET0040,ORD004939,9878,21-09-2023,Quality Issue,32.51,Pending
RET0041,ORD000444,887,11-01-2026,Wrong Item,687.29,Pending
RET0042,ORD002906,5812,09-10-2024,Wrong Item,4100.58,Completed
RET0043,ORD003635,7270,30-04-2024,Late Delivery,6306.8,Approved
RET0044,ORD003789,7578,20-03-2025,Damaged,2788.78,Pending
RET0045,ORD002693,5386,17-09-2023,Changed Mind,5032.91,Approved
RET0046,ORD001513,3025,17-03-2024,Wrong Item,5574.94,Completed
RET0047,ORD004857,9714,03-02-2023,Defective,11933.76,Approved
RET0048,ORD001430,2859,11-09-2025,Changed Mind,3207.85,Approved
RET0049,ORD003931,7862,22-08-2022,Late Delivery,4258.63,Completed
RET0050,ORD001380,2760,30-10-2025,Changed Mind,2535.6,Approved
RET0051,ORD004777,9553,11-11-2024,Wrong Item,11226.76,Pending
RET0052,ORD000757,1513,25-07-2023,Late Delivery,3987.46,Approved
RET0053,ORD003211,6422,08-07-2022,Damaged,5362.32,Approved
RET0054,ORD002086,4171,03-11-2023,Quality Issue,2313.01,Pending
RET0055,ORD004015,8029,24-09-2024,Quality Issue,1797.91,Completed
RET0056,ORD000828,1655,08-06-2025, damaged ,6659.05,Completed
RET0057,ORD000535,1070,07-09-2024,Damaged,418.39,Pending
RET0058,ORD002720,5440,16-07-2024,Defective,2251.71,Pending
RET0059,ORD002295,4589,03-05-2022,Changed Mind,3220.65,Approved
RET0060,ORD002227,4453,08-09-2025,Quality Issue,15346.49,Approved
RET0061,ORD002501,5002,17-06-2022,Late Delivery,1221.4,Pending
RET0062,ORD000312,624,17-09-2022,Quality Issue,1187.72,Approved
RET0063,ORD002800,5599,13-06-2023,Wrong Item,5349.18,Approved
RET0064,ORD002309,4618,01-07-2024,Late Delivery,1730.86,Approved
RET0065,ORD002833,5666,28-07-2022,Changed Mind,5111.71,Completed
RET0066,ORD001498,2996,10-02-2024,Damaged,4063.9,Completed
RET0067,ORD001161,2322,02-06-2022,Wrong Item,3182.63,Approved
RET0068,ORD002220,4439,20-01-2022,Damaged,5077.27,Approved
RET0069,ORD002793,5586,31-03-2024,Changed Mind,6878.84,Completed
RET0070,ORD002134,4267,20-07-2025,Wrong Item,5672.93,Approved
RET0071,ORD002439,4877,06-09-2024,Damaged,4302.76,Pending
RET0072,ORD003514,7027,04-07-2023,Quality Issue,6729.27,Completed
RET0073,ORD001769,3538,20-02-2022,Quality Issue,6264.73,Approved
RET0074,ORD000884,1767,30-06-2022,Quality Issue,815.97,Pending
RET0075,ORD003961,7922,04-08-2023,Damaged,6055.41,Approved
RET0076,ORD002680,5360,02-08-2025,Quality Issue,4581.37,Completed
RET0077,ORD003394,6788,09-06-2024,Wrong Item,3344.94,Approved
RET0078,ORD001379,2757,28-03-2022,Damaged,1274.94,Pending
RET0079,ORD002390,4779,28-05-2025,Defective,6796.87,Pending
RET0080,ORD002583,5165,12-05-2024,Changed Mind,5456.83,Completed
RET0081,ORD000356,712,16-08-2023,Late Delivery,8408.25,Approved
RET0082,ORD004623,9246,11-07-2024,Quality Issue,1055.97,Completed
RET0083,ORD003712,7423,21-03-2023,Wrong Item,4400.3,Approved
RET0084,ORD000890,1780,31-12-2022,Damaged,8195.57,Pending
RET0085,ORD002222,4444,05-09-2025,Damaged,19246.14,Pending
RET0086,ORD003059,6118,26-02-2023,Quality Issue,3494.54,Pending
RET0087,ORD004130,8259,07-07-2025,Changed Mind,7301.85,Approved
RET0088,ORD003637,7274,28-08-2022,Changed Mind,9629.23,Pending
RET0089,ORD001467,2933,30-04-2022,Damaged,2313.7,Pending
RET0090,ORD001464,2928,10-04-2022,Changed Mind,3138.77,Pending
RET0091,ORD003197,6393,18-03-2022,Wrong Item,1045.21,Completed
RET0092,ORD001315,2630,20-11-2022,Late Delivery,5169.73,Completed
RET0093,ORD000515,1029,10-12-2025,Quality Issue,7590.34,Approved
RET0094,ORD002998,5996,24-04-2023,Damaged,12933.81,Approved
RET0095,ORD000224,448,10-12-2023,Damaged,8248.5,Completed
RET0096,ORD003962,7923,13-08-2023,Changed Mind,3194.71,Completed
RET0097,ORD001833,3666,23-05-2022,Damaged,3434.58,Completed
RET0098,ORD000133,265,23-05-2022,Defective,11193.62,Pending
RET0099,ORD002582,5164,23-04-2025,Wrong Item,6642.23,Completed
RET0100,ORD001912,3824,15-09-2025,Damaged,3359.67,Pending
RET0101,ORD004836,9671,23-07-2025,Late Delivery,9549.9,Approved
RET0102,ORD001964,3927,13-09-2023,Damaged,4823.2,Approved
RET0103,ORD001142,2284,30-04-2025,Late Delivery,3929.48,Pending
RET0104,ORD004102,8203,23-03-2023,Changed Mind,4591.92,Pending
RET0105,ORD000243,485,13-03-2024,Changed Mind,9426.93,Completed
RET0106,ORD000727,1453,17-02-2025,Quality Issue,5507.94,Completed
RET0107,ORD000522,1044,09-10-2023,Damaged,3666.81,Pending
RET0108,ORD004818,9636,02-02-2022,Quality Issue,14007.58,Approved
RET0109,ORD001375,2750,21-07-2025,Wrong Item,893.38,Approved
RET0110,ORD004522,9043,19-09-2022,Wrong Item,11204.41,Approved
RET0111,ORD003438,6876,18-07-2025,Late Delivery,1349.03,Approved
RET0112,ORD002897,5794,27-04-2023,Late Delivery,2030.53,Approved
RET0113,ORD002814,5627,27-03-2023,Damaged,1179.27,Pending
RET0114,ORD002049,4098,09-01-2026,Wrong Item,1466.95,Approved
RET0115,ORD003215,6430,16-04-2023,Changed Mind,8563.88,Approved
RET0116,ORD001657,3314,03-12-2023,Wrong Item,8983.53,Approved
RET0117,ORD001687,3373,12-02-2024,Changed Mind,2892.4,Approved
RET0118,ORD000305,609,12-07-2025,Wrong Item,1701.15,Pending
RET0119,ORD002209,4418,21-02-2022,Changed Mind,1862.91,Pending
RET0120,ORD000095,189,02-04-2023,Wrong Item,4168.27,Approved
RET0121,ORD004064,8127,07-05-2022,Quality Issue,6739.11,Completed
RET0122,ORD004112,8224,25-01-2025,Defective,10214.23,Approved
RET0123,ORD001920,3840,25-02-2025,Late Delivery,5383.93,Completed
RET0124,ORD000636,1272,30-03-2024,Quality Issue,3564.69,Completed
RET0125,ORD004044,8088,01-02-2023,Late Delivery,2027.44,Approved
RET0126,ORD003852,7704,27-09-2024,Quality Issue,3075.21,Pending
RET0127,ORD002904,5807,21-11-2025,Wrong Item,3911.6,Pending
RET0128,ORD004504,9008,12-04-2023,Changed Mind,2461.84,Pending
RET0129,ORD000744,1487,25-01-2025,Quality Issue,14342.94,Approved
RET0130,ORD003491,6982,23-06-2025,Late Delivery,2308.65,Approved
RET0131,ORD000054,107,04-04-2024,Wrong Item,357.99,Approved
RET0132,ORD003926,7852,12-06-2024,Wrong Item,6336.33,Approved
RET0133,ORD001553,3106,18-08-2024,Defective,492.3,Approved
RET0134,ORD000281,561,10-10-2022,Defective,6909.78,Pending
RET0135,ORD002317,4634,22-09-2025,Late Delivery,2018.36,Pending
RET0136,ORD004481,8962,11-05-2022,Damaged,6878.85,Pending
RET0137,ORD003072,6144,09-06-2025,Defective,17882.67,Completed
RET0138,ORD004408,8816,09-05-2023,Quality Issue,2820.83,Approved
RET0139,ORD002085,4169,05-12-2024,Damaged,3655.82,Approved
RET0140,ORD004116,8231,25-08-2023,Quality Issue,1225.53,Approved
RET0141,ORD001840,3679,03-05-2022,Changed Mind,100.74,Pending
RET0142,ORD001350,2699,24-07-2022,Changed Mind,6377.39,Completed
RET0143,ORD004345,8689,08-08-2025,Quality Issue,2773.89,Approved
RET0144,ORD003025,6049,07-05-2024,Late Delivery,12764.84,Completed
RET0145,ORD000630,1260,06-03-2024,Changed Mind,7846.61,Completed
RET0146,ORD002435,4869,30-10-2023,Defective,3171.93,Completed
RET0147,ORD001874,3747,26-03-2025,Late Delivery,1019.24,Completed
RET0148,ORD001657,3313,16-06-2025,Defective,3835.06,Completed
RET0149,ORD003044,6088,19-10-2024,Late Delivery,965.12,Pending
RET0150,ORD003460,6920,21-10-2025,Defective,6356.08,Completed
RET0151,ORD003629,7257,02-08-2025,Changed Mind,16315.15,Pending
RET0152,ORD002839,5678,12-07-2023,Defective,6413.1,Completed
RET0153,ORD004474,8947,13-10-2022,Wrong Item,302.96,Pending
RET0154,ORD002875,5749,22-07-2022,Defective,2301.21,Pending
RET0155,ORD004700,9400,23-07-2025,Damaged,1206.41,Pending
RET0156,ORD004370,8740,24-11-2024,Late Delivery,3901.17,completed
RET0157,ORD004643,9285,21-03-2025,Quality Issue,4837.07,Completed
RET0158,ORD004934,9868,07-08-2022,Defective,12367.57,Completed
RET0159,ORD000816,1632,21-01-2025,Wrong Item,6637.34,Completed
RET0160,ORD001572,3144,21-03-2023,Damaged,3361.36,Completed
RET0161,ORD004894,9788,10-07-2025,Damaged,800.17,Approved
RET0162,ORD003841,7682,29-03-2025,Changed Mind,3870.69,Approved
RET0163,ORD001776,3552,07-09-2022,Damaged,356.19,Approved
RET0164,ORD003256,6512,04-12-2024,Wrong Item,7675.21,Completed
RET0165,ORD004648,9295,01-10-2024,Wrong Item,1362.2,Pending
RET0166,ORD000240,480,26-09-2024,Defective,14891.54,Approved
RET0167,ORD003769,7538,10-11-2023,Defective,12047.09,Pending
RET0168,ORD004348,8695,02-10-2023,Defective,6890.86,Completed
RET0169,ORD003689,7377,09-02-2023,Wrong Item,6475.43,Completed
RET0170,ORD003182,6363,08-03-2025,Damaged,2691.33,Completed
RET0171,ORD003052,6104,24-07-2022,Changed Mind,409.89,Approved
RET0172,ORD002045,4089,10-09-2023,Damaged,7432.05,Pending
RET0173,ORD004035,8070,29-11-2022,Damaged,10142.93,Pending
RET0174,ORD000350,700,14-04-2022,Quality Issue,550.98,Approved
RET0175,ORD001566,3131,10-10-2024,Quality Issue,661.77,Completed
RET0176,ORD002001,4001,03-08-2024,Damaged,3534.36,Approved
RET0177,ORD000998,1995,15-10-2022,Defective,573.66,Completed
RET0178,ORD003033,6065,26-12-2024,Quality Issue,1357.74,Completed
RET0179,ORD002511,5021,06-10-2025,Damaged,4201.48,Completed
RET0180,ORD001945,3890,19-07-2024,Wrong Item,3605.71,Pending
RET0181,ORD003048,6095,27-09-2023,Changed Mind,760.83,Approved
RET0182,ORD002197,4394,13-07-2023,Damaged,14805.91,Pending
RET0183,ORD001168,2336,30-11-2024,Changed Mind,13026.39,Approved
RET0184,ORD004495,8989,23-12-2025,Defective,5404.41,Approved
RET0185,ORD002702,5403,17-01-2026,Wrong Item,8758.42,Completed
RET0186,ORD003607,7213,15-07-2024,Late Delivery,819.78,Approved
RET0187,ORD003171,6342,16-08-2022,Defective,3717.5,Completed
RET0188,ORD004310,8620,23-07-2022,Quality Issue,2818.85,Approved
RET0189,ORD003497,6994,30-01-2023,Late Delivery,2686.51,Completed
RET0190,ORD000126,251,25-11-2023,Late Delivery,6697.97,Completed
RET0191,ORD001146,2292,09-04-2024,Late Delivery,3004.67,Completed
RET0192,ORD000197,393,10-11-2022,Quality Issue,6307.47,Approved
RET0193,ORD001826,3652,04-04-2024,Defective,1100.38,Completed
RET0194,ORD003361,6721,10-09-2022,Wrong Item,7242.88,Completed
RET0195,ORD000373,746,30-11-2024,Late Delivery,958.2,Approved
RET0196,ORD003875,7750,15-08-2022,Quality Issue,2476.96,Completed
RET0197,ORD004228,8455,23-09-2022,Damaged,1428.52,Completed
RET0198,ORD002355,4710,15-01-2024,Quality Issue,5896.52,Completed
RET0199,ORD002230,4459,04-07-2022,Late Delivery,4344.96,Pending
RET0200,ORD001664,3327,08-05-2022,Late Delivery,7356.4,Approved
RET0201,ORD003482,6963,13-09-2024,Wrong Item,4434.67,Pending
RET0202,ORD003983,7966,14-04-2023,Quality Issue,2955.93,Pending
RET0203,ORD000278,556,26-03-2022,Defective,9256.29,Pending
RET0204,ORD004739,9478,15-05-2022,Wrong Item,2558.12,Completed
RET0205,ORD001644,3288,21-09-2024,Defective,9589.93,Completed
RET0206,ORD004418,8835,21-08-2023,Changed Mind,2481.75,Approved
RET0207,ORD000908,1815,09-05-2022,Changed Mind,3902.13,Completed
RET0208,ORD000747,1494,06-01-2024,Wrong Item,5802.6,Completed
RET0209,ORD002092,4184,17-06-2023,Wrong Item,12612.12,Approved
RET0210,ORD000928,1855,01-10-2024,Changed Mind,13030.15,Pending
RET0211,ORD000209,417,15-08-2025,Damaged,1300.75,Approved
RET0212,ORD002813,5626,07-07-2023,Changed Mind,2759.93,Completed
RET0213,ORD001752,3503,19-09-2025,Changed Mind,4749.09,Completed
RET0214,ORD001056,2111,17-03-2023,Defective,730.39,Approved
RET0215,ORD003349,6698,21-08-2023,Quality Issue,2644.9,Pending
RET0216,ORD002596,5192,19-12-2022,Changed Mind,535.78,Pending
RET0217,ORD001673,3346,21-01-2025,Wrong Item,10546.87,Completed
RET0218,ORD001879,3757,20-07-2025,Changed Mind,10700.45,Completed
RET0219,ORD000292,584,28-01-2023,Late Delivery,296.77,Completed
RET0220,ORD000038,75,08-11-2025,Damaged,4206.45,Completed
RET0221,ORD003058,6115,20-11-2023,Changed Mind,2221.05,Completed
RET0222,ORD000731,1461,20-04-2022,Defective,6597.84,Pending
RET0223,ORD000177,354,20-07-2022,Quality Issue,2841.98,Pending
RET0224,ORD000706,1412,06-11-2025,Damaged,2835,Completed
RET0225,ORD000026,51,20-01-2023,Defective,16641.27,Pending
RET0226,ORD004161,8322,05-10-2023,Damaged,2323.73,Pending
RET0227,ORD002930,5859,19-06-2023,Damaged,3268.23,Approved
RET0228,ORD002743,5486,04-05-2023,Changed Mind,1538.7,Completed
RET0229,ORD004583,9165,22-10-2023,Wrong Item,1435.47,Pending
RET0230,ORD000178,355,05-12-2022,Defective,6961.14,Pending
RET0231,ORD002208,4416,01-11-2024,Changed Mind,199.77,Approved
RET0232,ORD001586,3171,02-10-2025,Damaged,794.69,Pending
RET0233,ORD001008,2016,05-02-2025,Changed Mind,163.88,Pending
RET0234,ORD000199,398,21-04-2024,Late Delivery,5330.58,Approved
RET0235,ORD004697,9394,28-01-2025,Defective,1001.65,Approved
RET0236,ORD004176,8352,01-02-2023,Changed Mind,4351.09,Pending
RET0237,ORD003705,7410,18-05-2025,Wrong Item,11503.76,Pending
RET0238,ORD004857,9713,18-11-2024,Defective,3432.76,Approved
RET0239,ORD001437,2874,20-07-2024,Wrong Item,2719.78,Completed
RET0240,ORD004953,9905,27-11-2025,Wrong Item,4810.97,Pending
RET0241,ORD002248,4496,14-04-2022,Late Delivery,669.75,Completed
RET0242,ORD004972,9944,22-06-2024,Damaged,8397.71,Approved
RET0243,ORD003117,6234,08-01-2025,Damaged,18931.24,Approved
RET0244,ORD001715,3429,06-11-2022,Changed Mind,14616.16,Completed
RET0245,ORD002608,5216,01-06-2024,Changed Mind,2441.31,Pending
RET0246,ORD000680,1360,22-02-2025,Wrong Item,8949.74,Completed
RET0247,ORD001384,2768,10-03-2025,Quality Issue,2264.16,Completed
RET0248,ORD002765,5529,18-07-2024,Quality Issue,720.64,Completed
RET0249,ORD004327,8654,05-07-2025,Late Delivery,5123.62,Pending
RET0250,ORD000075,149,24-11-2023,Wrong Item,579.56,Pending
RET0251,ORD001867,3733,13-04-2023,Damaged,3675.76,Pending
RET0252,ORD004655,9309,10-09-2023,Damaged,7210.55,Completed
RET0253,ORD004627,9254,12-11-2025,Wrong Item,8454.34,Completed
RET0254,ORD004397,8794,20-06-2023,Changed Mind,5575.56,Completed
RET0255,ORD004402,8804,05-08-2022,Late Delivery,9473.74,Completed
RET0256,ORD003145,6289,30-01-2024,Late Delivery,,Pending
RET0257,ORD001759,3517,03-06-2025,Changed Mind,1071.29,Completed
RET0258,ORD003318,6636,21-09-2024,Late Delivery,642.64,Approved
RET0259,ORD004729,9458,16-01-2025,Damaged,8761.65,Approved
RET0260,ORD002587,5174,04-07-2023,Defective,1722.57,Completed
RET0261,ORD003977,7953,03-12-2024,Wrong Item,14075,Approved
RET0262,ORD000505,1010,25-12-2025,Changed Mind,15843.9,Approved
RET0263,ORD003434,6867,02-12-2025,Wrong Item,7803.02,Pending
RET0264,ORD004566,9132,13-09-2023,Quality Issue,11675.47,Completed
RET0265,ORD002907,5814,15-05-2025,Quality Issue,12693.42,Completed
RET0266,ORD003494,6987,13-11-2025,Late Delivery,8463.54,Pending
RET0267,ORD001767,3534,07-12-2022,Wrong Item,763.93,Approved
RET0268,ORD004326,8651,30-01-2024,Defective,754.47,Approved
RET0269,ORD004209,8418,13-09-2025,Quality Issue,8429.88,Approved
RET0270,ORD004640,9280,02-11-2025,Late Delivery,880.27,Pending
RET0271,ORD000418,836,20-08-2024,Quality Issue,397.93,Completed
RET0272,ORD003663,7325,17-05-2022,Changed Mind,11735.82,Completed
RET0273,ORD004232,8464,30-04-2025,Damaged,6250.14,Completed
RET0274,ORD003196,6392,24-02-2023,Late Delivery,6056.26,Completed
RET0275,ORD000290,579,25-01-2024,Damaged,5234.71,Approved
RET0276,ORD000367,733,20-11-2024,Damaged,6262.56,Pending
RET0277,ORD002914,5827,25-08-2025,Quality Issue,12601.09,Approved
RET0278,ORD002588,5175,01-06-2022,Damaged,1763.44,Completed
RET0279,ORD002438,4876,26-05-2025,Damaged,9579.6,Approved
RET0280,ORD001797,3594,21-12-2023,Wrong Item,682.18,Approved
RET0281,ORD003646,7291,19-12-2022,Quality Issue,5818.44,Pending
RET0282,ORD004100,8200,05-08-2022,Changed Mind,10596.62,Pending
RET0283,ORD001695,3390,11-04-2025,Defective,5286.29,Completed
RET0284,ORD004114,8227,20-01-2024,Late Delivery,469.42,Pending
RET0285,ORD004010,8020,08-03-2025,Late Delivery,2766.09,Pending
RET0286,ORD000661,1322,26-12-2023,Late Delivery,67.33,Completed
RET0287,ORD001352,2703,11-09-2025,Quality Issue,18701.04,Approved
RET0288,ORD003825,7650,21-11-2024,Quality Issue,8778.72,Completed
RET0289,ORD004848,9695,19-05-2022,Damaged,5261.94,Pending
RET0290,ORD001938,3876,27-04-2024,Wrong Item,6718.14,Approved
RET0291,ORD001074,2147,03-06-2022,Damaged,5074.92,Pending
RET0292,ORD003777,7553,13-05-2024,Changed Mind,14104.17,Completed
RET0293,ORD001096,2191,22-04-2023,Quality Issue,4325.79,Approved
RET0294,ORD004761,9521,22-10-2024,Wrong Item,176.2,Completed
RET0295,ORD001713,3426,02-08-2025,Quality Issue,2404.21,Approved
RET0296,ORD002802,5604,31-08-2025,Changed Mind,3748.16,Pending
RET0297,ORD004916,9831,10-01-2023,Late Delivery,4871.3,Pending
RET0298,ORD001421,2842,11-09-2023,Changed Mind,2519.7,Pending
RET0299,ORD003357,6713,07-06-2024,Late Delivery,5266.11,Pending
RET0300,ORD001241,2481,07-08-2025,Changed Mind,1256.05,Pending
RET0301,ORD002072,4143,27-04-2023,Defective,3753.62,Completed
RET0302,ORD000553,1105,10-05-2025,Defective,146.62,Pending
RET0303,ORD004334,8667,17-06-2022,Quality Issue,6196.28,Completed
RET0304,ORD002948,5895,17-09-2022,Damaged,2983.59,Pending
RET0305,ORD000201,401,31-07-2023,Defective,6821.75,Pending
RET0306,ORD004436,8872,26-01-2025,Changed Mind,10692.94,Completed
RET0307,ORD000648,1296,22-11-2022,Changed Mind,3023.27,Approved
RET0308,ORD001575,3149,10-11-2022,Quality Issue,15093.29,Pending
RET0309,ORD003188,6376,11-08-2025,Changed Mind,11964.85,Pending
RET0310,ORD004617,9234,17-05-2024,Late Delivery,1328.87,Approved
RET0311,ORD002087,4174,03-03-2024,Damaged,4014.34,Pending
RET0312,ORD003575,7149,13-02-2023,Wrong Item,1933.69,Pending
RET0313,ORD002195,4390,25-11-2023,Quality Issue,885.79,Approved
RET0314,ORD000787,1573,19-03-2025,Wrong Item,1715.55,Approved
RET0315,ORD003421,6842,05-11-2025,Quality Issue,6850.09,Pending
RET0316,ORD002330,4659,23-10-2025,Defective,6941.95,Completed
RET0317,ORD001803,3606,04-02-2024,Damaged,9264.39,Pending
RET0318,ORD003334,6668,28-08-2023,Wrong Item,4340.78,Completed
RET0319,ORD003573,7146,28-06-2023,Changed Mind,13230.62,Approved
RET0320,ORD000554,1108,30-06-2025,Late Delivery,8066.52,Approved
RET0321,ORD004074,8147,07-08-2022,Damaged,6250.52,Completed
RET0322,ORD000510,1020,19-07-2023,Damaged,9476.61,Completed
RET0323,ORD001486,2971,23-03-2023,Damaged,2690.06,Pending
RET0324,ORD000853,1706,28-07-2024,Changed Mind,839.94,Pending
RET0325,ORD004502,9003,20-11-2024,Changed Mind,4336.38,Approved
RET0326,ORD004133,8266,05-10-2024,Defective,6967.43,Pending
RET0327,ORD001183,2366,11-05-2024,Late Delivery,2814.78,Completed
RET0328,ORD000261,521,13-07-2022,Damaged,3231.93,Completed
RET0329,ORD000466,931,12-05-2023,Wrong Item,12354.91,Pending
RET0330,ORD001461,2922,25-04-2022,Defective,1101.65,Approved
RET0331,ORD000955,1910,12-12-2025,Wrong Item,2992.12,Completed
RET0332,ORD003468,6935,15-07-2024,Quality Issue,6369.21,Pending
RET0333,ORD001259,2518,09-10-2025,Late Delivery,6665.9,Pending
RET0334,ORD004233,8466,18-02-2023,Damaged,970.56,Approved
RET0335,ORD003451,6902,28-06-2025,Defective,3779.3,Approved
RET0336,ORD001683,3365,25-11-2022,Wrong Item,3873.37,Approved
RET0337,ORD002674,5348,29-09-2024,Damaged,2831.09,Completed
RET0338,ORD000500,999,06-01-2026,Defective,4851.55,Approved
RET0339,ORD002058,4115,13-12-2022,Wrong Item,15015.09,Pending
RET0340,ORD001942,3884,23-03-2023,Changed Mind,5398.25,Approved
RET0341,ORD003925,7850,20-05-2025,Damaged,5244.89,Pending
RET0342,ORD000145,289,16-03-2024,Changed Mind,11293.21,Approved
RET0343,ORD004828,9655,05-10-2022,Late Delivery,13363.76,Approved
RET0344,ORD004154,8307,04-12-2025,Changed Mind,9246.46,Completed
RET0345,ORD000241,482,31-10-2024,Late Delivery,1434.88,Pending
RET0346,ORD000868,1735,18-04-2022,Defective,1394.81,Completed
RET0347,ORD001825,3649,03-09-2023,Wrong Item,2866.53,Pending
RET0348,ORD000583,1166,07-05-2022,Changed Mind,8031.87,Completed
RET0349,ORD002400,4800,09-11-2023,Changed Mind,1294.09,Approved
RET0350,ORD002353,4705,15-02-2023,Defective,3393.74,Pending
RET0351,ORD000932,1864,15-01-2022,Late Delivery,1071.81,Approved
RET0352,ORD004784,9568,26-09-2025,Wrong Item,1240.26,Pending
RET0353,ORD000945,1890,21-11-2022,Defective,3414.81,Pending
RET0354,ORD001082,2163,05-09-2024,Late Delivery,2596.52,Pending
RET0355,ORD003056,6112,12-09-2022,Damaged,890.91,Completed
RET0356,ORD999999,769,20-06-2022,Wrong Item,5506.34,Completed
RET0357,ORD002950,5900,10-05-2025,Late Delivery,998.9,Approved
RET0358,ORD001440,2879,08-09-2022,Late Delivery,2888.4,Pending
RET0359,ORD002041,4081,19-04-2024,Defective,2692.62,Completed
RET0360,ORD004662,9324,13-05-2022,Late Delivery,15281.28,Completed
RET0361,ORD000603,1205,17-11-2023,Defective,1338.9,Pending
RET0362,ORD003444,6887,04-12-2023,Wrong Item,7107.87,Pending
RET0363,ORD002112,4223,17-11-2025,Late Delivery,8430.43,Completed
RET0364,ORD004033,8066,04-08-2025,Changed Mind,13199.4,Completed
RET0365,ORD003479,6958,03-08-2025,Wrong Item,3562.89,Approved
RET0366,ORD001316,2631,21-10-2023,Wrong Item,1866.04,Completed
RET0367,ORD004017,8034,08-12-2022,Defective,11303.54,Approved
RET0368,ORD003995,7990,09-11-2022,Wrong Item,11195.04,Approved
RET0369,ORD004179,8358,04-10-2024,Changed Mind,5750.06,Completed
RET0370,ORD001746,3492,20-12-2023,Late Delivery,7779.88,Approved
RET0371,ORD002630,5259,11-03-2025,Defective,2082.08,Approved
RET0372,ORD001891,3781,13-12-2023,Quality Issue,1677.64,Pending
RET0373,ORD002255,4509,15-07-2023,Wrong Item,9941.26,Pending
RET0374,ORD000152,303,26-08-2024,Changed Mind,3420.73,Completed
RET0375,ORD000761,1522,07-10-2023,Damaged,14375.78,Approved
RET0376,ORD001265,2530,27-10-2024,Damaged,8816.77,Pending
RET0377,ORD003612,7223,06-12-2022,Late Delivery,8940.62,Pending
RET0378,ORD000798,1596,04-05-2024,Quality Issue,10491.56,Completed
RET0379,ORD004900,9800,08-04-2022,Damaged,12939.41,Approved
RET0380,ORD003128,6255,18-07-2023,Damaged,9917.46,Approved
RET0381,ORD002739,5478,18-03-2022,Late Delivery,758.36,Pending
RET0382,ORD001378,2755,13-10-2024,Wrong Item,10666.73,Completed
RET0383,ORD000430,859,10-06-2025,Damaged,4505.98,Completed
RET0384,ORD000392,784,09-03-2024,Changed Mind,2435.6,Completed
RET0385,ORD003050,6100,20-12-2024,Damaged,1439,Pending
RET0386,ORD000607,1214,26-11-2023,Quality Issue,4101.81,Completed
RET0387,ORD001876,3751,19-04-2023,Changed Mind,1945.26,Approved
RET0388,ORD004562,9123,14-04-2024,Damaged,3731.84,Completed
RET0389,ORD004012,8023,04-09-2022,Defective,10975.83,Completed
RET0390,ORD003105,6209,10-03-2022,Quality Issue,4300.52,Pending
RET0391,ORD000489,977,07-10-2023,Changed Mind,5971.32,Pending
RET0392,ORD001711,3422,13-05-2022,Defective,8319.87,Approved
RET0393,ORD001251,2502,10-08-2022,Defective,1285.57,Completed
RET0394,ORD004727,9453,01-07-2022,Damaged,14823.63,Pending
RET0395,ORD001870,3740,07-05-2023,Defective,1773.99,Pending
RET0396,ORD002402,4804,10-08-2025,Wrong Item,2953.29,Approved
RET0397,ORD003407,6814,03-11-2022,Late Delivery,4298.04,Pending
RET0398,ORD000998,1996,30-12-2025,Wrong Item,1762.96,Pending
RET0399,ORD002377,4753,21-10-2023,Late Delivery,14317.19,Pending
RET0400,ORD002340,4679,08-12-2023,Defective,911.35,Completed
RET0401,ORD001123,2245,07-01-2025,Damaged,16483.82,Completed
RET0402,ORD000494,987,17-01-2023,Damaged,4088.7,Completed
RET0403,ORD002122,4244,01-03-2022,Wrong Item,8397.42,Completed
RET0404,ORD001860,3719,22-09-2022,Changed Mind,3670.45,Completed
RET0405,ORD000033,65,17-08-2022,Defective,2729.43,Pending
RET0406,ORD004371,8741,18-01-2023,Quality Issue,871.47,Approved
RET0407,ORD004433,8865,31-07-2022,Damaged,8675.01,Approved
RET0408,ORD004484,8968,16-05-2022,Damaged,4423.37,Completed
RET0409,ORD002184,4367,07-02-2024,Defective,628.66,Approved
RET0410,ORD003948,7896,12-02-2024,Damaged,8174.39,Approved
RET0411,ORD002574,5148,08-05-2024,Late Delivery,1206.56,Pending
RET0412,ORD004169,8337,14-08-2024,Damaged,4304.87,Pending
RET0413,ORD000484,967,25-11-2024,Defective,2672.01,Completed
RET0414,ORD001443,2886,13-03-2024,Changed Mind,1055.08,Approved
RET0415,ORD001442,2884,20-01-2025,Changed Mind,8873.15,Completed
RET0416,ORD003996,7991,04-06-2024,Damaged,336.89,Completed
RET0417,ORD000369,738,15-11-2024,Defective,2880.23,Completed
RET0418,ORD004386,8772,26-02-2022,Quality Issue,13613.89,Completed
RET0419,ORD001472,2943,20-03-2024,Late Delivery,3243.77,Completed
RET0420,ORD001530,3059,27-05-2022,Changed Mind,390.43,Completed
RET0421,ORD002076,4151,28-08-2023,Late Delivery,3158.25,Pending
RET0422,ORD000700,1400,17-04-2024,Late Delivery,8443.15,Pending
RET0423,ORD001998,3996,31-01-2024,Changed Mind,2257.81,Completed
RET0424,ORD003529,7058,21-07-2024,Damaged,1515.66,Pending
RET0425,ORD004492,8984,14-02-2022,Defective,2651.38,Completed
RET0426,ORD003666,7332,16-03-2025,Defective,868.28,Approved
RET0427,ORD003554,7107,20-01-2023,Wrong Item,173.32,Approved
RET0428,ORD001446,2891,05-01-2026,Late Delivery,152.98,Pending
RET0429,ORD004347,8694,09-03-2024,Defective,9254.57,Pending
RET0430,ORD004678,9356,29-11-2025,Late Delivery,1335.33,Completed
RET0431,ORD002600,5200,14-08-2023,Changed Mind,13053.27,Approved
RET0432,ORD004841,9682,01-08-2022,Defective,6644.68,Pending
RET0433,ORD002595,5189,11-08-2022,Late Delivery,7103.65,Approved
RET0434,ORD001411,2821,19-03-2023,Damaged,2141.22,Pending
RET0435,ORD000549,1098,25-12-2023,Wrong Item,11785.04,Approved
RET0436,ORD000762,1524,03-10-2024,Defective,7307.88,Pending
RET0437,ORD002264,4527,05-09-2024,Wrong Item,3467.36,Completed
RET0438,ORD002180,4360,10-08-2022,Defective,11664.9,Approved
RET0439,ORD000099,198,23-05-2024,Defective,5387.57,Pending
RET0440,ORD001702,3404,18-01-2024,Wrong Item,3471.13,Pending
RET0441,ORD003068,6136,14-01-2025,Late Delivery,12141.96,Approved
RET0442,ORD001422,2843,15-03-2024,Wrong Item,7570.3,Completed
RET0443,ORD000448,895,15-06-2024,Changed Mind,2291.28,Pending
RET0444,ORD004924,9848,08-10-2022,Changed Mind,2558.23,Pending
RET0445,ORD004219,8437,29-08-2022,Defective,2020.8,Approved
RET0446,ORD003596,7191,28-11-2023,Changed Mind,7713.31,Approved
RET0447,ORD001690,3380,08-05-2022,Wrong Item,1556.43,Approved
RET0448,ORD003019,6038,01-02-2023,Late Delivery,13784.74,Pending
RET0449,ORD000533,1066,13-11-2025,Defective,5303.15,Pending
RET0450,ORD000463,925,27-03-2024,Damaged,7451.72,Completed
RET0451,ORD001763,3526,10-07-2022,Changed Mind,8101.79,Completed
RET0452,ORD004853,9706,25-03-2025,Quality Issue,1135.18,Approved
RET0453,ORD000827,1653,26-01-2024,Wrong Item,468.9,Pending
RET0454,ORD003503,7006,22-08-2024,Quality Issue,2562.59,Completed
RET0455,ORD000506,1011,24-05-2022,Damaged,2549.69,Completed
RET0456,ORD002304,4608,31-11-2025,Quality Issue,2202.24,Completed
RET0457,ORD002048,4095,21-10-2025,Defective,1269.74,Completed
RET0458,ORD002022,4043,26-10-2023,Damaged,3945.04,Completed
RET0459,ORD003794,7587,21-03-2022,Late Delivery,4891.79,Completed
RET0460,ORD003016,6032,22-09-2024,Defective,4328.16,Pending
RET0461,ORD002617,5234,08-06-2024,Wrong Item,9193.25,Completed
RET0462,ORD002703,5405,19-04-2022,Damaged,2247.29,Pending
RET0463,ORD000218,435,04-02-2025,Late Delivery,3372.5,Approved
RET0464,ORD004306,8612,13-03-2025,Wrong Item,4378.68,Approved
RET0465,ORD002575,5150,23-08-2025,Late Delivery,1756.73,Approved
RET0466,ORD001647,3293,05-08-2022,Changed Mind,2229.04,Approved
RET0467,ORD001618,3235,02-09-2024,Damaged,9743.85,Completed
RET0468,ORD000132,263,27-05-2024,Damaged,4299.5,Approved
RET0469,ORD002551,5102,17-04-2024,Changed Mind,1369.67,Approved
RET0470,ORD002937,5873,25-05-2023,Late Delivery,2018.19,Pending
RET0471,ORD001628,3256,08-03-2024,Changed Mind,1616.82,Completed
RET0472,ORD003924,7847,13-01-2023,Damaged,728.31,Pending
RET0473,ORD003806,7611,15-01-2023,Damaged,1867.18,Approved
RET0474,ORD001310,2620,17-05-2024,Defective,5105.35,Pending
RET0475,ORD004059,8117,13-12-2024,Quality Issue,361.24,Approved
RET0476,ORD002102,4203,03-10-2025,Late Delivery,6585.89,Approved
RET0477,ORD001629,3258,16-02-2025,Wrong Item,2174.46,Pending
RET0478,ORD004090,8179,24-04-2023,Late Delivery,4407.85,Pending
RET0479,ORD004226,8451,02-12-2023,Changed Mind,4073.87,Completed
RET0480,ORD003639,7277,09-04-2022,Late Delivery,2737.48,Completed
RET0481,ORD004760,9519,31-03-2023,Late Delivery,1096.12,Pending
RET0482,ORD003514,7028,13-01-2022,Quality Issue,4242.99,Pending
RET0483,ORD002351,4702,28-10-2024,Defective,1164.31,Pending
RET0484,ORD000649,1298,17-11-2022,Wrong Item,6423.52,Approved
RET0485,ORD002848,5696,12-10-2025,Late Delivery,5978.63,Pending
RET0486,ORD001386,2772,29-06-2024,Quality Issue,2744.16,Completed
RET0487,ORD000218,436,15-09-2023,Wrong Item,1611.34,Pending
RET0488,ORD004883,9765,13-05-2024,Changed Mind,5684.38,Approved
RET0489,ORD004402,8803,09-12-2025,Changed Mind,11042.99,Pending
RET0490,ORD002648,5295,02-04-2024,Changed Mind,5363.99,Pending
RET0491,ORD001297,2594,14-09-2025,Defective,6116.21,Approved
RET0492,ORD000698,1396,17-03-2023,Wrong Item,1529.66,Completed
RET0493,ORD003261,6521,14-09-2024,Changed Mind,350.7,Pending
RET0494,ORD004084,8167,07-06-2023,Quality Issue,2793.52,Completed
RET0495,ORD002445,4890,08-05-2025,Quality Issue,3751.98,Pending
RET0496,ORD001602,3204,10-05-2025,Quality Issue,47.56,Pending
RET0497,ORD002630,5260,13-07-2024,Changed Mind,5772.14,Completed
RET0498,ORD002686,5371,27-02-2025,Wrong Item,453.07,Approved
RET0499,ORD001618,3236,02-06-2025,Damaged,2565.79,Completed
RET0500,ORD003301,6602,01-03-2023,Defective,11007.81,Pending
RET0501,ORD004889,9777,18-06-2025,Changed Mind,2509.39,Pending
RET0502,ORD001136,2271,02-07-2025,Wrong Item,9259.94,Completed
RET0503,ORD002025,4050,30-03-2022,Changed Mind,430.33,Completed
RET0504,ORD003412,6823,06-10-2025,Late Delivery,673.62,Completed
RET0505,ORD001510,3019,27-10-2024,Late Delivery,4328.71,Completed
RET0506,ORD002751,5501,15-02-2023,Wrong Item,2462.67,Pending
RET0507,ORD003465,6929,01-12-2024,Changed Mind,6891.6,Approved
RET0508,ORD003446,6892,24-10-2023,Changed Mind,13395.22,Approved
RET0509,ORD003528,7055,14-11-2022,Quality Issue,996.28,Completed
RET0510,ORD004564,9128,15-08-2023,Defective,2516.36,Pending
RET0511,ORD003409,6818,28-10-2024,Changed Mind,4609.6,Completed
RET0512,ORD004744,9488,21-03-2024,Late Delivery,13993.64,Completed
RET0513,ORD004339,8678,13-03-2024,Quality Issue,5092.08,Pending
RET0514,ORD002760,5519,25-10-2024,Late Delivery,13911.05,Completed
RET0515,ORD000703,1405,21-08-2022,Late Delivery,1473.3,Completed
RET0516,ORD004802,9604,12-04-2024,Damaged,1471.35,Pending
RET0517,ORD004421,8841,19-07-2022,Wrong Item,2470.87,Completed
RET0518,ORD001042,2084,20-08-2023,Quality Issue,5784.54,Approved
RET0519,ORD004435,8870,10-04-2022,Late Delivery,10803.36,Approved
RET0520,ORD003083,6166,07-04-2023,Changed Mind,8727.85,Completed
RET0521,ORD002186,4372,16-09-2024,Wrong Item,11578.44,Pending
RET0522,ORD003515,7030,04-10-2025,Changed Mind,8500.51,Approved
RET0523,ORD003614,7228,21-10-2022,Quality Issue,1361.44,Completed
RET0524,ORD004741,9482,26-12-2024,Defective,6221.22,Approved
RET0525,ORD001202,2404,25-09-2023,Damaged,17245.76,Completed
RET0526,ORD000378,755,22-10-2024,Quality Issue,5007.22,Pending
RET0527,ORD001929,3858,16-05-2022,Defective,142.18,Pending
RET0528,ORD004078,8155,01-06-2025,Wrong Item,12786.52,Approved
RET0529,ORD001214,2428,24-07-2025,Late Delivery,530.36,Approved
RET0530,ORD000562,1123,27-10-2025,Quality Issue,3839.56,Completed
RET0531,ORD002584,5167,20-11-2022,Changed Mind,1803.77,Approved
RET0532,ORD003422,6844,29-04-2022,Changed Mind,1048.15,Pending
RET0533,ORD004539,9077,06-06-2023,Wrong Item,7013.04,Pending
RET0534,ORD002559,5118,09-11-2025,Late Delivery,7642.98,Completed
RET0535,ORD000213,426,31-03-2022,Quality Issue,3944.34,Pending
RET0536,ORD001663,3325,13-02-2023,Wrong Item,3334.4,Completed
RET0537,ORD004301,8602,13-12-2025,Late Delivery,6544.06,Completed
RET0538,ORD001900,3800,04-09-2023,Late Delivery,6266.1,Approved
RET0539,ORD001190,2379,24-07-2024,Defective,9639.83,Approved
RET0540,ORD000040,79,30-06-2025,Late Delivery,4359.77,Approved
RET0541,ORD001662,3323,06-01-2026,Changed Mind,3026.65,Approved
RET0542,ORD000784,1567,07-03-2022,Late Delivery,988.44,Completed
RET0543,ORD000440,880,28-05-2023,Wrong Item,1146.43,Completed
RET0544,ORD001924,3848,02-02-2025,Changed Mind,3961.56,Pending
RET0545,ORD002123,4246,31-12-2024,Late Delivery,18164.63,Pending
RET0546,ORD001948,3896,02-04-2025,Changed Mind,2101.92,Pending
RET0547,ORD000037,74,05-07-2024,Quality Issue,2450.04,Approved
RET0548,ORD001989,3977,22-12-2025,Damaged,4074.9,Approved
RET0549,ORD002436,4871,02-11-2024,Damaged,21849.43,Completed
RET0550,ORD003690,7380,16-07-2025,Defective,9118.54,Approved
RET0551,ORD002554,5107,31-12-2024,Late Delivery,981.38,Pending
RET0552,ORD002013,4026,12-09-2022,Changed Mind,7244.07,Pending
RET0553,ORD004923,9846,01-11-2022,Wrong Item,866.77,Completed
RET0554,ORD001838,3675,10-05-2024,Late Delivery,1046.17,Approved
RET0555,ORD001353,2705,09-06-2022,Changed Mind,3405.39,Completed
RET0556,ORD000118,235,16-05-2022,Quality Issue,9769.95,Pending
RET0557,ORD004755,9509,05-05-2023,Late Delivery,3421.21,Pending
RET0558,ORD003606,7212,19-12-2025,Changed Mind,1293.82,Completed
RET0559,ORD004675,9349,05-12-2022,Late Delivery,887.06,Pending
RET0560,ORD004201,8401,18-06-2022,Late Delivery,10189.22,Completed
RET0561,ORD002276,4552,06-03-2022,Quality Issue,9818.06,Approved
RET0562,ORD001045,2090,12-08-2022,Defective,8623.37,Approved
RET0563,ORD004653,9306,23-02-2025,Quality Issue,3700.41,Completed
RET0564,ORD004799,9597,01-03-2023,Late Delivery,278.1,Pending
RET0565,ORD003020,6040,31-12-2024,Wrong Item,6879.53,Pending
RET0566,ORD004513,9026,20-05-2024,Changed Mind,8069.08,Approved
RET0567,ORD004756,9512,07-04-2023,Damaged,2058.8,Pending
RET0568,ORD003469,6937,25-10-2025,Late Delivery,1134.14,Approved
RET0569,ORD001395,2790,12-07-2022,Wrong Item,708.09,Approved
RET0570,ORD003156,6312,05-06-2023,Changed Mind,9867.12,Completed
RET0571,ORD001528,3055,29-08-2023,Defective,6506.87,Pending
RET0572,ORD001093,2186,29-04-2023,Wrong Item,1268.53,Completed
RET0573,ORD004907,9813,08-05-2022,Wrong Item,4361.77,Completed
RET0574,ORD004213,8425,29-06-2025,Quality Issue,3848.76,Completed
RET0575,ORD001451,2901,29-07-2023,Defective,1007.37,Pending
RET0576,ORD004958,9915,18-12-2024,Late Delivery,12535.53,Approved
RET0577,ORD001567,3134,19-04-2024,Wrong Item,724.87,Approved
RET0578,ORD000646,1291,24-08-2024,Defective,13192.12,Pending
RET0579,ORD001043,2085,16-03-2024,Defective,7487.77,Completed
RET0580,ORD002284,4568,15-09-2024,Defective,2573.54,Completed
RET0581,ORD003196,6391,21-12-2022,Late Delivery,3532.82,Pending
RET0582,ORD002725,5449,20-06-2024,Wrong Item,10653.22,Completed
RET0583,ORD003054,6108,06-02-2025,Late Delivery,4976.1,Pending
RET0584,ORD000722,1444,27-06-2024,Wrong Item,4380.64,Pending
RET0585,ORD002308,4616,29-05-2023,Damaged,6951.12,Completed
RET0586,ORD000183,365,30-11-2024,Defective,1089.27,Pending
RET0587,ORD003460,6919,01-08-2023,Changed Mind,10677.2,Completed
RET0588,ORD001337,2674,20-05-2023,Quality Issue,2393.8,Approved
RET0589,ORD000748,1495,05-10-2022,Quality Issue,10352.4,Approved
RET0590,ORD003816,7631,10-02-2024,Damaged,5869.16,Pending
RET0591,ORD003126,6252,21-06-2024,Late Delivery,1965.23,Approved
RET0592,ORD001889,3778,20-06-2025,Defective,1724.84,Completed
RET0593,ORD001200,2399,31-07-2022,Wrong Item,662.23,Completed
RET0594,ORD001138,2276,09-07-2025,Defective,3572.2,Approved
RET0595,ORD002433,4866,23-09-2023,Quality Issue,2159.06,Completed
RET0596,ORD002786,5571,07-03-2022,Damaged,9673.47,Completed
RET0597,ORD003877,7753,22-06-2024,Damaged,3459.56,Pending
RET0598,ORD002260,4519,17-06-2024,Late Delivery,3538.15,Pending
RET0599,ORD004935,9870,16-12-2024,Changed Mind,1484.59,Approved
RET0600,ORD001845,3690,25-12-2023,Quality Issue,4942,Pending
RET0601,ORD002204,4408,21-10-2023,Defective,3435.79,Pending
RET0602,ORD001786,3571,25-09-2022,Late Delivery,743.74,Approved
RET0603,ORD003242,6483,02-02-2022,Defective,2045.97,Pending
RET0604,ORD004133,8265,10-04-2025,Damaged,4181,Pending
RET0605,ORD001155,2309,18-07-2022,Late Delivery,4223.76,Approved
RET0606,ORD002994,5987,05-09-2025,Wrong Item,948.98,Pending
RET0607,ORD000461,922,07-11-2022,Defective,1584.14,Pending
RET0608,ORD001929,3857,19-12-2024,Defective,6090.63,Pending
RET0609,ORD000199,397,01-03-2022,Late Delivery,3922.46,Completed
RET0610,ORD002866,5731,03-09-2022,Late Delivery,1935.68,Approved
RET0611,ORD002441,4881,31-12-2022,Late Delivery,850.82,Pending
RET0612,ORD002162,4324,12-01-2025,Defective,2744.25,Approved
RET0613,ORD000343,685,09-09-2022,Late Delivery,497.39,Completed
RET0614,ORD001283,2565,02-02-2025,Late Delivery,3149.11,Pending
RET0615,ORD000172,343,30-09-2025,Changed Mind,5808.83,Approved
RET0616,ORD001969,3938,05-10-2025,Late Delivery,1789.2,Approved
RET0617,ORD000073,146,21-06-2025,Quality Issue,1164.76,Pending
RET0618,ORD000100,200,17-08-2024,Changed Mind,2489.18,Approved
RET0619,ORD003644,7288,05-09-2024,Quality Issue,5950.18,Completed
RET0620,ORD002123,4245,06-06-2025,Quality Issue,5931.45,Approved
RET0621,ORD000815,1630,24-03-2023,Quality Issue,2722.45,Completed
RET0622,ORD000225,449,02-10-2025,Quality Issue,10268.86,Completed
RET0623,ORD002587,5173,29-10-2024,Late Delivery,9317.47,Pending
RET0624,ORD003944,7887,27-07-2022,Wrong Item,2628.05,Approved
RET0625,ORD004931,9861,09-07-2024,Wrong Item,8086.89,Pending
RET0626,ORD004140,8279,14-09-2024,Wrong Item,8505.62,Approved
RET0627,ORD002747,5494,08-07-2025,Defective,2326.59,Pending
RET0628,ORD000952,1904,11-06-2022,Changed Mind,5473.53,Completed
RET0629,ORD003851,7701,26-11-2024,Quality Issue,3071.28,Completed
RET0630,ORD001261,2521,09-10-2022,Wrong Item,13756.57,Approved
RET0631,ORD002267,4534,21-10-2024,Damaged,1979.87,Pending
RET0632,ORD004633,9265,17-04-2023,Defective,1725.32,Pending
RET0633,ORD004629,9258,30-03-2024,Changed Mind,10996.28,Pending
RET0634,ORD004317,8634,04-06-2025,Damaged,2408.6,Approved
RET0635,ORD001415,2830,16-01-2024,Defective,4223.55,Completed
RET0636,ORD004155,8309,16-05-2025,Defective,13072.31,Completed
RET0637,ORD000564,1128,02-06-2024,Late Delivery,6759.87,Pending
RET0638,ORD002794,5588,28-12-2023,Late Delivery,6324.63,Completed
RET0639,ORD002020,4039,22-11-2025,Damaged,3756.83,Approved
RET0640,ORD000232,463,05-09-2023,Damaged,1836.88,Pending
RET0641,ORD002457,4913,08-12-2025,Changed Mind,284.73,Completed
RET0642,ORD001050,2100,10-10-2022,Damaged,598.37,Pending
RET0643,ORD001737,3474,01-10-2024,Wrong Item,17376.14,Pending
RET0644,ORD004559,9118,18-01-2022,Damaged,12413.56,Pending
RET0645,ORD000175,349,27-07-2024,Defective,470.86,Pending
RET0646,ORD000856,1711,28-07-2022,Defective,13354.3,Completed
RET0647,ORD002194,4387,22-05-2025,Changed Mind,376.06,Approved
RET0648,ORD001980,3960,22-03-2024,Defective,5003.5,Completed
RET0649,ORD000156,312,14-11-2023,Changed Mind,2067.32,Approved
RET0650,ORD002583,5166,25-01-2025,Damaged,9973.54,Approved
RET0651,ORD004323,8646,22-02-2022,Damaged,8445.1,Completed
RET0652,ORD001910,3820,26-04-2025,Changed Mind,2316.59,Completed
RET0653,ORD003436,6872,28-10-2022,Wrong Item,19099.59,Approved
RET0654,ORD004838,9676,22-02-2023,Late Delivery,2758.74,Approved
RET0655,ORD001410,2820,26-09-2023,Changed Mind,1053.84,Completed
RET0656,ORD002378,4755,09-05-2022,Late Delivery,5760.54,Pending
RET0657,ORD000804,1607,06-02-2024,Defective,1383.07,Approved
RET0658,ORD004579,9157,26-08-2022,Defective,4945.16,Completed
RET0659,ORD001981,3961,28-11-2024,Quality Issue,357.66,Approved
RET0660,ORD000558,1116,07-03-2023,Changed Mind,4111.15,Approved
RET0661,ORD004937,9873,20-09-2023,Damaged,4734.22,Pending
RET0662,ORD002757,5513,03-05-2023,Wrong Item,3848.89,Completed
RET0663,ORD001489,2977,20-03-2022,Defective,222.27,Completed
RET0664,ORD002782,5563,10-12-2024,Changed Mind,1728.41,Approved
RET0665,ORD000848,1696,21-12-2023,Late Delivery,6149.2,Approved
RET0666,ORD001493,2986,20-06-2025,Quality Issue,3091.82,Pending
RET0667,ORD004699,9398,11-04-2022,Changed Mind,1057.9,Completed
RET0668,ORD003966,7932,11-12-2025,Defective,4705.16,Approved
RET0669,ORD004024,8047,23-10-2022,Changed Mind,1749.32,Completed
RET0670,ORD004461,8921,03-08-2024,Late Delivery,5162.31,Completed
RET0671,ORD001087,2174,06-06-2023,Changed Mind,1007.24,Completed
RET0672,ORD003476,6951,29-07-2025,Defective,1981.6,Completed
RET0673,ORD001980,3959,04-04-2023,Damaged,12754.63,Pending
RET0674,ORD001156,2312,05-10-2025,Changed Mind,2703.78,Approved
RET0675,ORD000262,523,03-06-2024,Defective,8834.69,Pending
RET0676,ORD004571,9142,14-08-2022,Late Delivery,3632.56,Pending
RET0677,ORD003375,6749,07-09-2024,Wrong Item,3388.12,Approved
RET0678,ORD004082,8164,06-04-2023,Defective,4993.58,Pending
RET0679,ORD001216,2431,31-03-2022,Late Delivery,1607.24,Pending
RET0680,ORD000561,1122,17-10-2023,Damaged,21929.12,Approved
RET0681,ORD002044,4087,03-06-2023,Wrong Item,10616.21,Pending
RET0682,ORD004415,8830,28-02-2025,Late Delivery,777.45,Completed
RET0683,ORD004935,9869,07-04-2025,Late Delivery,2503.92,Pending
RET0684,ORD003768,7536,13-11-2024,Changed Mind,16191.65,Completed
RET0685,ORD003339,6677,05-08-2022,Quality Issue,3979.81,Approved
RET0686,ORD003609,7217,01-01-2025,Changed Mind,1240.22,Approved
RET0687,ORD004830,9660,01-09-2022,Defective,3463.24,Approved
RET0688,ORD001812,3624,27-01-2023,Late Delivery,8504.12,Approved
RET0689,ORD004279,8558,31-08-2022,Late Delivery,10079.3,Approved
RET0690,ORD001337,2673,16-06-2023,Defective,2030.75,Completed
RET0691,ORD004656,9312,23-05-2025,Wrong Item,2349.92,Approved
RET0692,ORD000898,1796,30-12-2024,Wrong Item,709.73,Approved
RET0693,ORD001111,2222,15-05-2025,Damaged,12181.35,Approved
RET0694,ORD004740,9479,17-12-2025,Changed Mind,6696.36,Approved
RET0695,ORD004097,8193,31-10-2023,Defective,2208.71,Pending
RET0696,ORD001009,2018,02-02-2025,Late Delivery,4885.68,Pending
RET0697,ORD004605,9209,01-02-2025,Damaged,8529.88,Approved
RET0698,ORD004768,9536,24-12-2025,Wrong Item,16247.7,Completed
RET0699,ORD004700,9399,04-08-2025,Damaged,3905,Approved
RET0700,ORD002659,5318,09-06-2023,Wrong Item,2708.01,Completed
RET0701,ORD000920,1839,23-04-2023,Changed Mind,1788.08,Pending
RET0702,ORD003588,7176,26-05-2024,Defective,899.09,Approved
RET0703,ORD003301,6601,19-08-2025,Damaged,711.87,Pending
RET0704,ORD000064,128,12-07-2024,Wrong Item,1506.28,Completed
RET0705,ORD003522,7044,28-07-2025,Quality Issue,6105.64,Pending
RET0706,ORD002671,5342,03-04-2025,Changed Mind,4713.99,Completed
RET0707,ORD004789,9577,23-09-2023,Changed Mind,1524.37,Pending
RET0708,ORD004350,8700,07-10-2022,Changed Mind,568.37,Pending
RET0709,ORD001487,2973,24-06-2022,Damaged,19276.09,Pending
RET0710,ORD001613,3225,27-12-2022,Changed Mind,481.83,Completed
RET0711,ORD002264,4528,02-06-2023,Changed Mind,5781.91,Pending
RET0712,ORD003202,6403,21-12-2025,Wrong Item,2289.29,Completed
RET0713,ORD002537,5074,21-01-2025,Defective,3782.68,Approved
RET0714,ORD003939,7877,19-03-2025,Damaged,463.72,Completed
RET0715,ORD003337,6673,02-11-2023,Changed Mind,2216.52,Approved
RET0716,ORD001671,3342,30-07-2022,Late Delivery,4073.34,Approved
RET0717,ORD003428,6855,10-12-2022,Defective,1440.02,Completed
RET0718,ORD001207,2414,24-01-2025,Quality Issue,3733.11,Approved
RET0719,ORD003538,7075,17-09-2023,Damaged,1468.85,Completed
RET0720,ORD000308,616,23-11-2023,Quality Issue,6615.07,Approved
RET0721,ORD004957,9914,11-10-2024,Late Delivery,5421.32,Completed
RET0722,ORD002673,5346,06-07-2023,Wrong Item,874.46,Pending
RET0723,ORD000896,1792,26-08-2023,Changed Mind,5989.87,Approved
RET0724,ORD002074,4148,05-05-2024,Changed Mind,2541.31,Completed
RET0725,ORD000927,1854,05-03-2025,Late Delivery,961.1,Pending
RET0726,ORD002241,4482,02-10-2024,Defective,13760.69,Pending
RET0727,ORD001075,2149,06-11-2024,Defective,6817.59,Approved
RET0728,ORD002145,4289,28-04-2025,Late Delivery,3356.53,Approved
RET0729,ORD003933,7866,20-11-2025,Wrong Item,8377.83,Completed
RET0730,ORD003736,7471,15-02-2022,Wrong Item,11546.25,Completed
RET0731,ORD002901,5801,16-06-2023,Defective,631.52,Pending
RET0732,ORD000394,788,25-05-2023,Defective,1364.44,Completed
RET0733,ORD002633,5265,13-12-2024,Damaged,3432.16,Approved
RET0734,ORD002009,4018,25-05-2025,Changed Mind,1149.43,Completed
RET0735,ORD003673,7345,15-01-2024,Changed Mind,10809.56,Completed
RET0736,ORD002328,4655,05-08-2025,Damaged,6934.42,Approved
RET0737,ORD001760,3520,17-02-2023,Late Delivery,414.06,Approved
RET0738,ORD003018,6035,11-03-2022,Defective,9287.48,Approved
RET0739,ORD004401,8802,05-07-2025,Defective,2058.6,Approved
RET0740,ORD003828,7655,10-05-2025,Damaged,7933.19,Completed
RET0741,ORD001228,2456,30-06-2023,Changed Mind,4161.97,Completed
RET0742,ORD004783,9565,14-12-2025,Defective,10458.6,Approved
RET0743,ORD004351,8702,23-12-2022,Damaged,4623.85,Approved
RET0744,ORD002774,5548,01-10-2025,Defective,8765.31,Pending
RET0745,ORD001617,3233,09-06-2023,Damaged,2110.96,Approved
RET0746,ORD002236,4472,09-10-2022,Wrong Item,3413.02,Pending
RET0747,ORD001265,2529,17-11-2025,Wrong Item,11555.45,Completed
RET0748,ORD004443,8885,18-10-2023,Wrong Item,1567.65,Completed
RET0749,ORD004514,9028,21-04-2022,Damaged,14214.82,Approved
RET0750,ORD002060,4120,11-02-2024,Defective,1348.65,Completed
RET0751,ORD002303,4605,09-12-2024,Wrong Item,13023.32,Approved
RET0752,ORD002655,5310,28-11-2025,Changed Mind,5011.56,Approved
RET0753,ORD000608,1216,24-07-2022,Defective,6129.37,Pending
RET0754,ORD001346,2692,04-09-2023,Quality Issue,4529.59,Approved
RET0755,ORD003026,6052,03-12-2025,Damaged,1909.91,Completed
RET0756,ORD002020,4040,07-02-2022,Damaged,340.29,Completed
RET0757,ORD004869,9737,05-05-2024,Defective,3919.86,Approved
RET0758,ORD003228,6456,30-12-2023,Quality Issue,6506.72,Pending
RET0759,ORD002175,4349,06-07-2023,Changed Mind,23857.29,Approved
RET0760,ORD000938,1875,22-03-2024,Damaged,1176.28,Pending
RET0761,ORD001496,2991,10-05-2022,Quality Issue,7626.45,Pending
RET0762,ORD001309,2617,21-06-2022,Damaged,2485.21,Pending
RET0763,ORD002429,4857,01-10-2023,Late Delivery,10529.91,Pending
RET0764,ORD002216,4432,02-08-2023,Damaged,3722.2,Pending
RET0765,ORD002442,4883,18-03-2022,Late Delivery,12850.36,Pending
RET0766,ORD001017,2034,09-01-2024,Wrong Item,824.59,Approved
RET0767,ORD002358,4715,25-11-2024,Quality Issue,2348.54,Approved
RET0768,ORD000103,206,10-05-2022,Late Delivery,3360.53,Approved
RET0769,ORD002483,4966,29-09-2025,Wrong Item,10406.37,Pending
RET0770,ORD002930,5860,22-09-2025,Wrong Item,5026.54,Pending
RET0771,ORD002359,4717,20-03-2024,Damaged,5702.55,Approved
RET0772,ORD003367,6733,02-07-2025,Defective,1288.93,Approved
RET0773,ORD003960,7920,01-08-2022,Wrong Item,1865.5,Completed
RET0774,ORD004016,8032,22-05-2024,Wrong Item,726.25,Approved
RET0775,ORD000464,928,03-05-2024,Defective,13259.89,Pending
RET0776,ORD004661,9321,08-11-2022,Defective,7050.87,Pending
RET0777,ORD003546,7092,03-06-2024,Defective,6641.41,Completed
RET0778,ORD003757,7514,29-12-2025,Defective,3950.67,Approved
RET0779,ORD001232,2464,05-10-2023,Defective,10266.09,Pending
RET0780,ORD001242,2484,20-10-2025,Damaged,767.64,Pending
RET0781,ORD001407,2813,14-10-2022,Defective,4387.97,Pending
RET0782,ORD001408,2815,28-03-2024,Late Delivery,4158.91,Completed
RET0783,ORD001552,3103,13-08-2025,Changed Mind,284.32,Pending
RET0784,ORD000188,375,28-02-2025,Wrong Item,1777.45,Completed
RET0785,ORD002161,4321,12-11-2024,Defective,1190.27,Approved
RET0786,ORD000799,1597,01-09-2025,Changed Mind,5311.67,Pending
RET0787,ORD003618,7236,04-04-2023,Damaged,1008.49,Approved
RET0788,ORD001052,2103,15-04-2024,Defective,6558.04,Approved
RET0789,ORD002756,5512,23-09-2022,Changed Mind,1504.44,Approved
RET0790,ORD003961,7921,18-09-2023,Changed Mind,13712.99,Pending
RET0791,ORD001263,2526,09-02-2024,Damaged,1025.35,Completed
RET0792,ORD002683,5365,17-05-2025,Defective,5370.93,Completed
RET0793,ORD002294,4587,02-05-2023,Damaged,14603.29,Completed
RET0794,ORD004876,9752,07-03-2022,Defective,20908.38,Pending
RET0795,ORD004882,9764,24-04-2022,Quality Issue,1848.53,Completed
RET0796,ORD002907,5813,29-11-2024,Defective,5868.69,Approved
RET0797,ORD000755,1509,07-08-2025,Wrong Item,4785.39,Completed
RET0798,ORD003526,7051,21-08-2025,Damaged,1336.54,Approved
RET0799,ORD003687,7374,25-05-2022,Wrong Item,9783.16,Completed
RET0800,ORD000098,195,21-07-2024,Wrong Item,6570.74,Completed
RET0341,ORD003925,7850,20-05-2025,Damaged,5244.89,Pending
RET0347,ORD001825,3649,03-09-2023,Wrong Item,2866.53,Pending
RET0436,ORD000762,1524,03-10-2024,Defective,7307.88,Pending
RET0201,ORD003482,6963,13-09-2024,Wrong Item,4434.67,Pending
RET0604,ORD004133,8265,10-04-2025,Damaged,4181,Pending
RET0429,ORD004347,8694,09-03-2024,Defective,9254.57,Pending
RET0406,ORD004371,8741,18-01-2023,Quality Issue,871.47,Approved
RET0353,ORD000945,1890,21-11-2022,Defective,3414.81,Pending
